delivery_id,order_id,customer_id,store_location,delivery_date,status,carrier
1,1000,37,Chicago,2023-09-07T00:00:00,Cancelled,DHL
2,1000,264,New York,2022-04-29T00:00:00,Pending,DHL
3,1000,182,Miami,2022-01-16T00:00:00,Delivered,USPS
4,1000,99,Los Angeles,2022-05-23T00:00:00,Cancelled,FedEx
5,1001,237,New York,2021-07-31T00:00:00,Cancelled,UPS
6,1001,169,Chicago,2018-05-06T00:00:00,Delivered,USPS
7,1002,136,New York,2020-03-18T00:00:00,Pending,DHL
8,1002,136,New York,2020-03-21T00:00:00,Cancelled,DHL
9,1000,69,Houston,2021-08-07T00:00:00,Pending,USPS
10,1000,69,Houston,2021-08-04T00:00:00,Cancelled,FedEx
11,1003,154,New York,2019-08-01T00:00:00,In Transit,USPS
12,1001,191,Miami,2020-01-31T00:00:00,In Transit,DHL
13,1001,191,Miami,2020-01-22T00:00:00,Pending,UPS
14,1002,206,Chicago,2018-12-12T00:00:00,Cancelled,DHL
15,1002,108,Miami,2022-02-06T00:00:00,Cancelled,UPS
16,1002,108,Miami,2022-02-15T00:00:00,Delivered,USPS
17,1001,1,Los Angeles,2021-12-11T00:00:00,Pending,UPS
18,1001,1,Los Angeles,2021-12-15T00:00:00,In Transit,UPS
19,1004,133,New York,2022-02-26T00:00:00,Pending,UPS
20,1003,2,Chicago,2019-04-07T00:00:00,Pending,USPS
21,1003,232,Miami,2019-06-23T00:00:00,Delivered,DHL
22,1001,76,Houston,2018-04-03T00:00:00,Delivered,DHL
23,1002,65,Houston,2018-10-03T00:00:00,Delivered,USPS
24,1004,279,Miami,2019-09-29T00:00:00,In Transit,DHL
25,1004,279,Miami,2019-09-24T00:00:00,Delivered,DHL
26,1005,225,Miami,2022-06-01T00:00:00,Delivered,UPS
27,1005,225,Miami,2022-05-28T00:00:00,Cancelled,UPS
28,1005,234,New York,2019-03-14T00:00:00,Pending,USPS
29,1002,148,Los Angeles,2018-07-01T00:00:00,In Transit,UPS
30,1002,148,Los Angeles,2018-06-24T00:00:00,Delivered,USPS
31,1004,87,Chicago,2023-02-09T00:00:00,Pending,DHL
32,1006,284,New York,2020-06-16T00:00:00,Cancelled,FedEx
33,1006,284,New York,2020-06-13T00:00:00,In Transit,USPS
34,1003,19,Houston,2021-04-27T00:00:00,Delivered,USPS
35,1003,19,Houston,2021-05-01T00:00:00,Cancelled,DHL
36,1005,27,Chicago,2021-08-15T00:00:00,In Transit,DHL
37,1005,27,Chicago,2021-08-15T00:00:00,Delivered,FedEx
38,1006,267,Chicago,2023-06-17T00:00:00,Delivered,UPS
39,1006,267,Chicago,2023-06-14T00:00:00,Cancelled,USPS
40,1006,241,Miami,2023-04-09T00:00:00,Delivered,DHL
41,1006,241,Miami,2023-04-18T00:00:00,Pending,FedEx
42,1007,34,Chicago,2019-04-05T00:00:00,In Transit,UPS
43,1007,256,Miami,2023-08-25T00:00:00,Cancelled,FedEx
44,1007,256,Miami,2023-08-23T00:00:00,In Transit,DHL
45,1007,84,New York,2021-07-14T00:00:00,In Transit,FedEx
46,1003,170,Los Angeles,2023-06-18T00:00:00,Delivered,DHL
47,1004,33,Los Angeles,2019-05-16T00:00:00,Delivered,USPS
48,1008,152,Chicago,2022-01-26T00:00:00,Pending,DHL
49,1008,152,Chicago,2022-02-05T00:00:00,Delivered,FedEx
50,1004,252,Houston,2023-06-22T00:00:00,Delivered,USPS
51,1009,180,Chicago,2019-02-09T00:00:00,In Transit,USPS
52,1009,180,Chicago,2019-02-12T00:00:00,Delivered,FedEx
53,1010,179,Chicago,2019-08-01T00:00:00,Cancelled,FedEx
54,1010,179,Chicago,2019-08-03T00:00:00,Cancelled,FedEx
55,1005,28,Houston,2023-07-26T00:00:00,Cancelled,UPS
56,1011,234,Chicago,2023-04-21T00:00:00,Cancelled,USPS
57,1011,234,Chicago,2023-04-08T00:00:00,Pending,UPS
58,1005,265,Los Angeles,2021-09-18T00:00:00,Delivered,DHL
59,1005,265,Los Angeles,2021-09-12T00:00:00,In Transit,USPS
60,1006,130,Houston,2018-07-31T00:00:00,In Transit,FedEx
61,1006,149,Los Angeles,2020-01-24T00:00:00,Delivered,UPS
62,1006,149,Los Angeles,2020-01-19T00:00:00,Pending,UPS
63,1008,34,Miami,2020-05-09T00:00:00,In Transit,USPS
64,1007,77,Los Angeles,2023-05-21T00:00:00,Pending,UPS
65,1007,77,Los Angeles,2023-06-02T00:00:00,Delivered,UPS
66,1008,87,New York,2018-05-06T00:00:00,Pending,FedEx
67,1009,118,Miami,2018-07-06T00:00:00,In Transit,DHL
68,1010,32,Miami,2020-06-29T00:00:00,Cancelled,USPS
69,1010,32,Miami,2020-07-02T00:00:00,In Transit,UPS
70,1009,253,New York,2021-02-26T00:00:00,In Transit,UPS
71,1011,98,Miami,2021-01-29T00:00:00,In Transit,FedEx
72,1012,182,Miami,2018-04-26T00:00:00,In Transit,FedEx
73,1010,144,New York,2018-11-19T00:00:00,Cancelled,FedEx
74,1010,144,New York,2018-11-14T00:00:00,Cancelled,UPS
75,1008,269,Los Angeles,2019-10-27T00:00:00,Cancelled,USPS
76,1013,44,Miami,2021-12-09T00:00:00,Cancelled,DHL
77,1013,44,Miami,2021-12-12T00:00:00,In Transit,UPS
78,1009,162,Los Angeles,2022-04-16T00:00:00,Cancelled,DHL
79,1010,300,Los Angeles,2019-01-06T00:00:00,Delivered,FedEx
80,1014,117,Miami,2023-04-30T00:00:00,Delivered,UPS
81,1014,117,Miami,2023-04-24T00:00:00,Delivered,FedEx
82,1012,216,Chicago,2023-01-01T00:00:00,In Transit,UPS
83,1011,255,New York,2018-06-10T00:00:00,Cancelled,FedEx
84,1011,255,New York,2018-06-14T00:00:00,Pending,UPS
85,1011,6,Los Angeles,2023-04-18T00:00:00,Pending,USPS
86,1007,300,Houston,2021-12-20T00:00:00,Delivered,FedEx
87,1013,231,Chicago,2021-10-19T00:00:00,In Transit,USPS
88,1008,96,Houston,2023-06-07T00:00:00,Delivered,FedEx
89,1014,208,Chicago,2019-02-08T00:00:00,Delivered,USPS
90,1014,208,Chicago,2019-01-28T00:00:00,Pending,UPS
91,1015,77,Miami,2018-09-05T00:00:00,Delivered,UPS
92,1015,240,Chicago,2022-01-18T00:00:00,Delivered,DHL
93,1015,240,Chicago,2022-01-11T00:00:00,In Transit,UPS
94,1012,227,Los Angeles,2019-04-14T00:00:00,Pending,USPS
95,1009,192,Houston,2018-03-03T00:00:00,Pending,UPS
96,1013,41,Los Angeles,2020-01-31T00:00:00,Cancelled,USPS
97,1013,41,Los Angeles,2020-01-26T00:00:00,Cancelled,UPS
98,1014,289,Los Angeles,2021-04-11T00:00:00,In Transit,FedEx
99,1014,289,Los Angeles,2021-04-10T00:00:00,Cancelled,DHL
100,1012,167,New York,2023-04-26T00:00:00,In Transit,USPS
101,1016,206,Chicago,2019-11-22T00:00:00,In Transit,FedEx
102,1016,206,Chicago,2019-11-16T00:00:00,In Transit,UPS
103,1015,133,Los Angeles,2019-01-24T00:00:00,Cancelled,UPS
104,1013,141,New York,2020-07-11T00:00:00,Cancelled,FedEx
105,1017,268,Chicago,2020-11-16T00:00:00,Pending,DHL
106,1018,265,Chicago,2019-04-01T00:00:00,Pending,DHL
107,1016,104,Los Angeles,2021-10-02T00:00:00,In Transit,USPS
108,1016,104,Los Angeles,2021-09-30T00:00:00,Delivered,USPS
109,1016,222,Miami,2019-07-25T00:00:00,Cancelled,USPS
110,1016,222,Miami,2019-07-26T00:00:00,Cancelled,USPS
111,1017,13,Los Angeles,2020-08-27T00:00:00,Pending,FedEx
112,1014,139,New York,2019-04-29T00:00:00,Pending,DHL
113,1010,19,Houston,2021-09-27T00:00:00,Pending,USPS
114,1010,19,Houston,2021-09-29T00:00:00,In Transit,FedEx
115,1019,114,Chicago,2019-02-26T00:00:00,Pending,DHL
116,1019,114,Chicago,2019-03-08T00:00:00,Cancelled,UPS
117,1015,199,New York,2022-06-10T00:00:00,Cancelled,USPS
118,1018,233,Los Angeles,2020-04-11T00:00:00,In Transit,USPS
119,1018,233,Los Angeles,2020-04-20T00:00:00,In Transit,FedEx
120,1017,45,Miami,2023-11-27T00:00:00,In Transit,FedEx
121,1018,240,Miami,2018-08-19T00:00:00,Cancelled,DHL
122,1018,240,Miami,2018-08-21T00:00:00,Delivered,UPS
123,1011,65,Houston,2018-08-28T00:00:00,Delivered,UPS
124,1020,68,Chicago,2022-04-11T00:00:00,In Transit,UPS
125,1020,68,Chicago,2022-04-18T00:00:00,Cancelled,DHL
126,1019,170,Los Angeles,2020-03-07T00:00:00,Delivered,USPS
127,1016,262,New York,2018-11-30T00:00:00,Cancelled,FedEx
128,1020,50,Los Angeles,2022-05-22T00:00:00,In Transit,USPS
129,1020,50,Los Angeles,2022-05-26T00:00:00,Pending,UPS
130,1017,26,New York,2021-11-18T00:00:00,In Transit,USPS
131,1021,97,Los Angeles,2022-12-09T00:00:00,Pending,FedEx
132,1018,126,New York,2023-09-24T00:00:00,Delivered,USPS
133,1022,216,Los Angeles,2018-05-12T00:00:00,Delivered,UPS
134,1023,40,Los Angeles,2020-07-16T00:00:00,Pending,FedEx
135,1023,40,Los Angeles,2020-07-10T00:00:00,Pending,UPS
136,1019,197,New York,2021-06-18T00:00:00,In Transit,UPS
137,1019,197,New York,2021-06-08T00:00:00,Pending,FedEx
138,1012,255,Houston,2021-01-05T00:00:00,Delivered,DHL
139,1012,255,Houston,2020-12-30T00:00:00,Delivered,FedEx
140,1024,241,Los Angeles,2021-11-10T00:00:00,In Transit,DHL
141,1024,241,Los Angeles,2021-11-09T00:00:00,In Transit,UPS
142,1021,285,Chicago,2023-01-24T00:00:00,Delivered,USPS
143,1019,19,Miami,2023-05-24T00:00:00,In Transit,USPS
144,1013,138,Houston,2020-06-10T00:00:00,In Transit,FedEx
145,1013,138,Houston,2020-06-08T00:00:00,Delivered,USPS
146,1020,31,New York,2020-02-29T00:00:00,Cancelled,FedEx
147,1020,31,New York,2020-03-02T00:00:00,In Transit,FedEx
148,1020,104,Miami,2021-10-29T00:00:00,Cancelled,DHL
149,1020,104,Miami,2021-10-31T00:00:00,Pending,FedEx
150,1021,285,Miami,2022-06-13T00:00:00,Cancelled,USPS
151,1022,1,Chicago,2022-02-05T00:00:00,Pending,DHL
152,1025,57,Los Angeles,2021-05-14T00:00:00,Pending,DHL
153,1014,277,Houston,2023-05-27T00:00:00,Pending,DHL
154,1014,277,Houston,2023-05-22T00:00:00,Cancelled,USPS
155,1015,290,Houston,2021-12-24T00:00:00,In Transit,DHL
156,1016,250,Houston,2020-09-13T00:00:00,Delivered,DHL
157,1023,45,Chicago,2021-12-20T00:00:00,Pending,USPS
158,1026,95,Los Angeles,2018-08-26T00:00:00,In Transit,UPS
159,1022,87,Miami,2018-05-30T00:00:00,In Transit,UPS
160,1017,131,Houston,2023-12-22T00:00:00,Delivered,DHL
161,1018,110,Houston,2023-06-07T00:00:00,Cancelled,USPS
162,1018,110,Houston,2023-06-17T00:00:00,Pending,USPS
163,1019,52,Houston,2022-05-01T00:00:00,Cancelled,DHL
164,1021,248,New York,2022-04-28T00:00:00,Delivered,FedEx
165,1022,231,New York,2020-09-27T00:00:00,In Transit,UPS
166,1023,26,Miami,2023-05-31T00:00:00,Cancelled,UPS
167,1023,56,New York,2021-05-05T00:00:00,Delivered,USPS
168,1020,172,Houston,2023-08-17T00:00:00,Pending,USPS
169,1021,183,Houston,2018-06-30T00:00:00,In Transit,UPS
170,1024,240,Miami,2019-03-13T00:00:00,In Transit,USPS
171,1024,278,New York,2018-10-03T00:00:00,Delivered,UPS
172,1022,276,Houston,2020-08-18T00:00:00,Delivered,USPS
173,1025,203,Miami,2018-11-17T00:00:00,Delivered,UPS
174,1025,203,Miami,2018-11-15T00:00:00,In Transit,USPS
175,1026,179,Miami,2019-08-03T00:00:00,Delivered,USPS
176,1027,216,Los Angeles,2021-05-10T00:00:00,Delivered,USPS
177,1023,262,Houston,2021-02-20T00:00:00,Cancelled,UPS
178,1023,262,Houston,2021-02-22T00:00:00,In Transit,FedEx
179,1024,239,Houston,2022-04-23T00:00:00,In Transit,FedEx
180,1027,173,Miami,2018-02-15T00:00:00,In Transit,UPS
181,1025,216,Houston,2021-01-06T00:00:00,Pending,USPS
182,1025,216,Houston,2020-12-25T00:00:00,In Transit,USPS
183,1025,167,New York,2022-05-07T00:00:00,Cancelled,UPS
184,1025,167,New York,2022-05-15T00:00:00,Pending,FedEx
185,1028,220,Los Angeles,2022-03-24T00:00:00,In Transit,DHL
186,1028,145,Miami,2023-05-23T00:00:00,Cancelled,FedEx
187,1026,181,Houston,2023-09-01T00:00:00,Pending,FedEx
188,1026,181,Houston,2023-09-09T00:00:00,Delivered,UPS
189,1029,56,Los Angeles,2020-08-07T00:00:00,Delivered,DHL
190,1027,273,Houston,2021-11-07T00:00:00,Cancelled,FedEx
191,1030,208,Los Angeles,2022-04-10T00:00:00,Delivered,UPS
192,1030,208,Los Angeles,2022-04-01T00:00:00,Delivered,FedEx
193,1029,165,Miami,2018-12-26T00:00:00,Pending,FedEx
194,1031,63,Los Angeles,2020-01-16T00:00:00,Cancelled,DHL
195,1024,165,Chicago,2021-02-03T00:00:00,In Transit,UPS
196,1024,165,Chicago,2021-02-04T00:00:00,Pending,UPS
197,1032,285,Los Angeles,2021-10-30T00:00:00,Delivered,UPS
198,1026,114,New York,2023-10-05T00:00:00,Cancelled,UPS
199,1026,114,New York,2023-09-24T00:00:00,Pending,FedEx
200,1025,107,Chicago,2023-06-25T00:00:00,Cancelled,USPS
201,1030,179,Miami,2021-08-23T00:00:00,In Transit,DHL
202,1030,179,Miami,2021-08-21T00:00:00,Pending,UPS
203,1028,250,Houston,2020-11-12T00:00:00,Pending,DHL
204,1026,206,Chicago,2023-08-03T00:00:00,Pending,FedEx
205,1026,206,Chicago,2023-07-30T00:00:00,Delivered,FedEx
206,1033,243,Los Angeles,2022-04-27T00:00:00,Delivered,UPS
207,1027,111,New York,2023-03-15T00:00:00,Cancelled,DHL
208,1031,25,Miami,2023-05-10T00:00:00,Pending,UPS
209,1031,25,Miami,2023-05-13T00:00:00,Pending,USPS
210,1034,293,Los Angeles,2022-08-01T00:00:00,In Transit,USPS
211,1034,293,Los Angeles,2022-07-19T00:00:00,Cancelled,DHL
212,1027,109,Chicago,2021-10-09T00:00:00,Pending,USPS
213,1027,109,Chicago,2021-10-09T00:00:00,In Transit,FedEx
214,1035,1,Los Angeles,2022-07-24T00:00:00,In Transit,DHL
215,1035,1,Los Angeles,2022-07-17T00:00:00,Cancelled,USPS
216,1029,267,Houston,2021-05-19T00:00:00,Cancelled,USPS
217,1032,28,Miami,2021-10-12T00:00:00,In Transit,FedEx
218,1032,28,Miami,2021-10-18T00:00:00,Cancelled,DHL
219,1028,16,New York,2023-01-26T00:00:00,In Transit,UPS
220,1029,32,New York,2023-11-28T00:00:00,In Transit,FedEx
221,1029,32,New York,2023-11-24T00:00:00,Cancelled,USPS
222,1030,187,Houston,2019-03-18T00:00:00,Cancelled,FedEx
223,1030,235,New York,2018-03-09T00:00:00,In Transit,UPS
224,1030,235,New York,2018-03-05T00:00:00,Delivered,DHL
225,1036,47,Los Angeles,2018-04-07T00:00:00,Delivered,USPS
226,1036,47,Los Angeles,2018-04-07T00:00:00,Pending,FedEx
227,1031,18,New York,2021-03-05T00:00:00,Delivered,FedEx
228,1031,18,New York,2021-03-15T00:00:00,In Transit,UPS
229,1028,220,Chicago,2022-01-03T00:00:00,Delivered,FedEx
230,1028,220,Chicago,2022-01-02T00:00:00,Delivered,UPS
231,1033,58,Miami,2022-01-07T00:00:00,Cancelled,DHL
232,1029,93,Chicago,2020-12-29T00:00:00,Pending,USPS
233,1031,106,Houston,2018-05-02T00:00:00,Delivered,UPS
234,1031,106,Houston,2018-04-27T00:00:00,In Transit,UPS
235,1030,4,Chicago,2023-05-22T00:00:00,Pending,UPS
236,1032,177,Houston,2022-05-06T00:00:00,In Transit,DHL
237,1033,151,Houston,2019-11-05T00:00:00,Delivered,FedEx
238,1037,199,Los Angeles,2021-09-08T00:00:00,Delivered,FedEx
239,1032,27,New York,2021-06-05T00:00:00,Delivered,DHL
240,1032,27,New York,2021-06-12T00:00:00,Cancelled,USPS
241,1034,268,Miami,2022-01-13T00:00:00,Pending,FedEx
242,1031,59,Chicago,2021-08-15T00:00:00,Cancelled,DHL
243,1031,59,Chicago,2021-08-09T00:00:00,Cancelled,DHL
244,1033,238,New York,2019-02-17T00:00:00,Cancelled,DHL
245,1033,238,New York,2019-02-25T00:00:00,Cancelled,UPS
246,1038,154,Los Angeles,2020-02-16T00:00:00,Pending,FedEx
247,1034,289,New York,2020-02-10T00:00:00,In Transit,DHL
248,1032,278,Chicago,2023-11-01T00:00:00,Cancelled,FedEx
249,1039,162,Los Angeles,2021-01-25T00:00:00,In Transit,FedEx
250,1039,162,Los Angeles,2021-01-13T00:00:00,Delivered,USPS
251,1035,203,New York,2020-03-31T00:00:00,Pending,FedEx
252,1035,203,New York,2020-03-27T00:00:00,Cancelled,USPS
253,1034,56,Houston,2022-09-04T00:00:00,Delivered,FedEx
254,1034,56,Houston,2022-09-09T00:00:00,In Transit,USPS
255,1035,283,Miami,2018-05-30T00:00:00,Delivered,DHL
256,1035,283,Miami,2018-05-30T00:00:00,In Transit,DHL
257,1033,280,Chicago,2019-01-07T00:00:00,Pending,USPS
258,1035,165,Houston,2021-07-06T00:00:00,In Transit,UPS
259,1035,165,Houston,2021-07-19T00:00:00,In Transit,UPS
260,1036,3,Miami,2020-08-03T00:00:00,Cancelled,USPS
261,1036,3,Miami,2020-08-01T00:00:00,Cancelled,DHL
262,1040,66,Los Angeles,2022-05-09T00:00:00,Pending,FedEx
263,1040,66,Los Angeles,2022-05-09T00:00:00,Pending,FedEx
264,1036,90,Houston,2021-04-17T00:00:00,Cancelled,FedEx
265,1037,255,Miami,2018-03-04T00:00:00,In Transit,FedEx
266,1037,255,Miami,2018-03-01T00:00:00,In Transit,UPS
267,1036,161,New York,2018-08-02T00:00:00,In Transit,USPS
268,1036,161,New York,2018-07-30T00:00:00,In Transit,USPS
269,1038,37,Miami,2018-12-26T00:00:00,Pending,UPS
270,1037,126,New York,2019-11-26T00:00:00,Delivered,USPS
271,1037,126,New York,2019-12-09T00:00:00,Delivered,FedEx
272,1034,8,Chicago,2023-06-15T00:00:00,Delivered,UPS
273,1034,8,Chicago,2023-06-20T00:00:00,In Transit,UPS
274,1035,185,Chicago,2022-02-04T00:00:00,In Transit,FedEx
275,1035,185,Chicago,2022-02-05T00:00:00,In Transit,USPS
276,1036,72,Chicago,2021-05-13T00:00:00,Cancelled,UPS
277,1041,16,Los Angeles,2018-03-22T00:00:00,Delivered,USPS
278,1041,16,Los Angeles,2018-03-29T00:00:00,Delivered,FedEx
279,1039,287,Miami,2020-04-15T00:00:00,Delivered,USPS
280,1039,287,Miami,2020-04-12T00:00:00,Delivered,DHL
281,1037,34,Houston,2021-05-11T00:00:00,In Transit,FedEx
282,1037,146,Chicago,2020-10-06T00:00:00,In Transit,UPS
283,1040,221,Miami,2022-09-25T00:00:00,Delivered,DHL
284,1040,221,Miami,2022-09-24T00:00:00,Pending,USPS
285,1038,77,New York,2020-06-28T00:00:00,Pending,FedEx
286,1038,77,New York,2020-06-30T00:00:00,Delivered,UPS
287,1038,116,Houston,2021-05-11T00:00:00,Pending,UPS
288,1038,116,Houston,2021-05-07T00:00:00,Delivered,FedEx
289,1041,211,Miami,2020-02-08T00:00:00,In Transit,FedEx
290,1039,35,Houston,2020-09-30T00:00:00,Delivered,USPS
291,1038,16,Chicago,2021-02-14T00:00:00,Pending,DHL
292,1038,16,Chicago,2021-02-04T00:00:00,Delivered,DHL
293,1042,267,Los Angeles,2018-12-31T00:00:00,In Transit,DHL
294,1042,267,Los Angeles,2019-01-02T00:00:00,Cancelled,DHL
295,1043,279,Los Angeles,2019-06-24T00:00:00,Cancelled,DHL
296,1044,203,Los Angeles,2019-12-29T00:00:00,Pending,DHL
297,1039,74,Chicago,2018-06-23T00:00:00,Cancelled,USPS
298,1042,15,Miami,2020-05-05T00:00:00,Pending,DHL
299,1040,278,Houston,2020-04-22T00:00:00,Delivered,DHL
300,1040,278,Houston,2020-04-18T00:00:00,Delivered,DHL
301,1040,256,Chicago,2022-02-04T00:00:00,In Transit,UPS
302,1040,256,Chicago,2022-02-14T00:00:00,Delivered,UPS
303,1039,251,New York,2022-03-13T00:00:00,In Transit,DHL
304,1043,288,Miami,2021-09-26T00:00:00,In Transit,USPS
305,1041,187,Chicago,2020-01-12T00:00:00,Delivered,UPS
306,1042,151,Chicago,2020-11-04T00:00:00,Delivered,DHL
307,1042,151,Chicago,2020-11-06T00:00:00,In Transit,FedEx
308,1040,121,New York,2021-12-28T00:00:00,Delivered,FedEx
309,1040,121,New York,2021-12-29T00:00:00,In Transit,UPS
310,1041,67,Houston,2018-09-28T00:00:00,Delivered,USPS
311,1045,215,Los Angeles,2019-07-06T00:00:00,Pending,DHL
312,1045,215,Los Angeles,2019-07-06T00:00:00,In Transit,UPS
313,1043,219,Chicago,2018-10-15T00:00:00,Delivered,FedEx
314,1046,12,Los Angeles,2018-03-11T00:00:00,Cancelled,FedEx
315,1046,12,Los Angeles,2018-03-22T00:00:00,In Transit,USPS
316,1042,112,Houston,2022-06-14T00:00:00,In Transit,FedEx
317,1044,266,Miami,2020-11-14T00:00:00,In Transit,UPS
318,1047,201,Los Angeles,2018-08-29T00:00:00,Pending,USPS
319,1041,207,New York,2018-11-26T00:00:00,Pending,FedEx
320,1042,75,New York,2018-03-18T00:00:00,Pending,DHL
321,1043,76,New York,2019-07-04T00:00:00,In Transit,FedEx
322,1043,76,New York,2019-07-01T00:00:00,Cancelled,USPS
323,1043,116,Houston,2023-09-21T00:00:00,Cancelled,FedEx
324,1048,77,Los Angeles,2023-10-18T00:00:00,Pending,FedEx
325,1048,77,Los Angeles,2023-10-13T00:00:00,In Transit,DHL
326,1049,174,Los Angeles,2018-03-04T00:00:00,Pending,UPS
327,1049,174,Los Angeles,2018-03-02T00:00:00,Pending,DHL
328,1044,2,Chicago,2023-05-04T00:00:00,Pending,FedEx
329,1050,52,Los Angeles,2023-02-20T00:00:00,Delivered,DHL
330,1051,214,Los Angeles,2020-06-15T00:00:00,Delivered,FedEx
331,1052,63,Los Angeles,2019-11-21T00:00:00,Cancelled,UPS
332,1045,142,Chicago,2019-06-02T00:00:00,Pending,USPS
333,1053,65,Los Angeles,2021-11-16T00:00:00,Delivered,USPS
334,1046,213,Chicago,2019-10-27T00:00:00,Pending,DHL
335,1054,269,Los Angeles,2023-03-10T00:00:00,Cancelled,USPS
336,1054,269,Los Angeles,2023-03-09T00:00:00,Pending,FedEx
337,1045,272,Miami,2018-09-16T00:00:00,Pending,FedEx
338,1046,146,Miami,2020-01-03T00:00:00,Delivered,USPS
339,1044,62,New York,2022-04-07T00:00:00,In Transit,USPS
340,1044,62,New York,2022-04-02T00:00:00,Cancelled,USPS
341,1055,49,Los Angeles,2020-06-19T00:00:00,Pending,USPS
342,1055,49,Los Angeles,2020-06-17T00:00:00,Cancelled,USPS
343,1047,48,Chicago,2018-06-07T00:00:00,Cancelled,DHL
344,1048,132,Chicago,2021-11-23T00:00:00,Cancelled,FedEx
345,1049,81,Chicago,2018-01-11T00:00:00,In Transit,UPS
346,1049,81,Chicago,2018-01-13T00:00:00,Pending,USPS
347,1047,113,Miami,2021-04-01T00:00:00,Pending,FedEx
348,1047,113,Miami,2021-04-07T00:00:00,Delivered,FedEx
349,1045,70,New York,2022-03-26T00:00:00,Delivered,FedEx
350,1050,242,Chicago,2022-06-14T00:00:00,Delivered,USPS
351,1050,242,Chicago,2022-06-17T00:00:00,In Transit,FedEx
352,1046,291,New York,2019-02-25T00:00:00,In Transit,USPS
353,1044,3,Houston,2020-06-03T00:00:00,Pending,DHL
354,1044,3,Houston,2020-05-26T00:00:00,Pending,DHL
355,1051,96,Chicago,2022-06-20T00:00:00,In Transit,UPS
356,1052,136,Chicago,2018-06-01T00:00:00,In Transit,UPS
357,1053,229,Chicago,2023-06-01T00:00:00,Delivered,UPS
358,1056,166,Los Angeles,2022-12-15T00:00:00,Cancelled,USPS
359,1056,166,Los Angeles,2022-12-11T00:00:00,Pending,FedEx
360,1048,57,Miami,2019-01-23T00:00:00,Delivered,USPS
361,1048,57,Miami,2019-01-26T00:00:00,Cancelled,DHL
362,1045,35,Houston,2020-07-22T00:00:00,In Transit,FedEx
363,1045,35,Houston,2020-07-17T00:00:00,Cancelled,USPS
364,1049,250,Miami,2019-02-20T00:00:00,Delivered,USPS
365,1049,250,Miami,2019-02-17T00:00:00,In Transit,DHL
366,1054,124,Chicago,2020-08-22T00:00:00,Delivered,FedEx
367,1055,213,Chicago,2023-08-27T00:00:00,In Transit,DHL
368,1055,213,Chicago,2023-08-16T00:00:00,Delivered,USPS
369,1046,274,Houston,2023-02-27T00:00:00,In Transit,UPS
370,1046,274,Houston,2023-02-15T00:00:00,In Transit,USPS
371,1047,220,New York,2021-11-03T00:00:00,Pending,USPS
372,1047,220,New York,2021-11-12T00:00:00,Pending,FedEx
373,1050,125,Miami,2022-06-11T00:00:00,In Transit,DHL
374,1050,125,Miami,2022-06-18T00:00:00,Delivered,UPS
375,1057,270,Los Angeles,2020-04-14T00:00:00,In Transit,DHL
376,1057,270,Los Angeles,2020-04-19T00:00:00,Delivered,USPS
377,1047,16,Houston,2019-01-30T00:00:00,Pending,UPS
378,1051,213,Miami,2019-04-15T00:00:00,Delivered,UPS
379,1058,286,Los Angeles,2023-05-19T00:00:00,Pending,DHL
380,1058,286,Los Angeles,2023-05-25T00:00:00,Pending,FedEx
381,1048,189,New York,2018-10-22T00:00:00,Pending,UPS
382,1048,189,New York,2018-10-17T00:00:00,Pending,USPS
383,1056,276,Chicago,2020-08-25T00:00:00,Delivered,FedEx
384,1056,276,Chicago,2020-08-23T00:00:00,Pending,UPS
385,1048,184,Houston,2018-08-03T00:00:00,Delivered,USPS
386,1048,184,Houston,2018-08-01T00:00:00,Cancelled,USPS
387,1049,23,New York,2021-03-27T00:00:00,Delivered,DHL
388,1049,89,Houston,2020-09-30T00:00:00,Pending,FedEx
389,1049,89,Houston,2020-09-30T00:00:00,Delivered,UPS
390,1057,269,Chicago,2019-01-12T00:00:00,In Transit,FedEx
391,1057,269,Chicago,2019-01-05T00:00:00,Delivered,DHL
392,1059,231,Los Angeles,2018-03-08T00:00:00,Cancelled,UPS
393,1050,102,New York,2022-07-17T00:00:00,Delivered,DHL
394,1050,102,New York,2022-07-19T00:00:00,Delivered,UPS
395,1060,80,Los Angeles,2023-09-30T00:00:00,In Transit,USPS
396,1060,80,Los Angeles,2023-09-30T00:00:00,Cancelled,DHL
397,1052,91,Miami,2019-05-29T00:00:00,Pending,USPS
398,1061,271,Los Angeles,2023-08-12T00:00:00,Cancelled,USPS
399,1061,271,Los Angeles,2023-08-12T00:00:00,Delivered,DHL
400,1050,97,Houston,2020-01-08T00:00:00,Cancelled,FedEx
401,1062,100,Los Angeles,2020-12-01T00:00:00,Delivered,USPS
402,1051,225,New York,2019-07-11T00:00:00,Cancelled,FedEx
403,1051,225,New York,2019-07-07T00:00:00,Cancelled,UPS
404,1053,34,Miami,2018-11-01T00:00:00,Pending,DHL
405,1053,34,Miami,2018-10-23T00:00:00,Pending,USPS
406,1058,247,Chicago,2022-07-23T00:00:00,Cancelled,USPS
407,1058,247,Chicago,2022-07-24T00:00:00,Pending,USPS
408,1059,222,Chicago,2021-12-02T00:00:00,Pending,FedEx
409,1063,26,Los Angeles,2023-12-23T00:00:00,In Transit,UPS
410,1063,26,Los Angeles,2023-12-23T00:00:00,In Transit,FedEx
411,1064,267,Los Angeles,2018-11-02T00:00:00,Pending,UPS
412,1065,36,Los Angeles,2019-02-13T00:00:00,Cancelled,FedEx
413,1065,36,Los Angeles,2019-02-18T00:00:00,Pending,FedEx
414,1060,57,Chicago,2022-04-12T00:00:00,Delivered,UPS
415,1060,57,Chicago,2022-04-10T00:00:00,In Transit,UPS
416,1052,22,New York,2018-05-16T00:00:00,In Transit,USPS
417,1053,212,New York,2023-06-16T00:00:00,In Transit,DHL
418,1053,212,New York,2023-06-20T00:00:00,Pending,USPS
419,1051,24,Houston,2020-08-04T00:00:00,Pending,DHL
420,1061,256,Chicago,2020-02-21T00:00:00,Delivered,UPS
421,1062,92,Chicago,2020-10-09T00:00:00,Pending,FedEx
422,1063,2,Chicago,2019-06-17T00:00:00,Pending,USPS
423,1063,2,Chicago,2019-06-19T00:00:00,In Transit,USPS
424,1064,45,Chicago,2019-09-09T00:00:00,In Transit,UPS
425,1064,45,Chicago,2019-09-16T00:00:00,Delivered,USPS
426,1054,219,Miami,2020-08-02T00:00:00,Cancelled,DHL
427,1054,219,Miami,2020-07-29T00:00:00,Cancelled,USPS
428,1055,242,Miami,2021-05-01T00:00:00,In Transit,UPS
429,1052,176,Houston,2020-07-03T00:00:00,In Transit,FedEx
430,1054,38,New York,2018-10-20T00:00:00,Delivered,FedEx
431,1054,38,New York,2018-10-14T00:00:00,Delivered,USPS
432,1053,249,Houston,2023-12-14T00:00:00,Delivered,FedEx
433,1053,249,Houston,2023-12-17T00:00:00,In Transit,USPS
434,1066,96,Los Angeles,2019-03-25T00:00:00,Delivered,FedEx
435,1066,96,Los Angeles,2019-03-25T00:00:00,Pending,FedEx
436,1055,201,New York,2023-02-13T00:00:00,Pending,DHL
437,1056,287,Miami,2023-03-17T00:00:00,Delivered,FedEx
438,1067,69,Los Angeles,2023-02-27T00:00:00,Pending,DHL
439,1054,139,Houston,2021-10-24T00:00:00,Pending,UPS
440,1054,139,Houston,2021-10-20T00:00:00,Pending,USPS
441,1068,183,Los Angeles,2022-01-19T00:00:00,Cancelled,USPS
442,1068,183,Los Angeles,2022-01-18T00:00:00,Cancelled,DHL
443,1057,79,Miami,2022-12-01T00:00:00,Cancelled,UPS
444,1056,174,New York,2021-04-17T00:00:00,In Transit,USPS
445,1057,300,New York,2020-07-07T00:00:00,In Transit,FedEx
446,1058,198,New York,2019-03-19T00:00:00,Cancelled,UPS
447,1058,198,New York,2019-03-28T00:00:00,Delivered,DHL
448,1065,222,Chicago,2020-10-19T00:00:00,In Transit,UPS
449,1065,222,Chicago,2020-10-16T00:00:00,Pending,FedEx
450,1058,5,Miami,2022-05-16T00:00:00,Pending,FedEx
451,1058,5,Miami,2022-05-20T00:00:00,Delivered,UPS
452,1066,141,Chicago,2022-07-10T00:00:00,Cancelled,UPS
453,1066,141,Chicago,2022-07-01T00:00:00,Cancelled,DHL
454,1055,224,Houston,2022-05-17T00:00:00,Pending,DHL
455,1059,273,Miami,2022-09-24T00:00:00,In Transit,DHL
456,1069,278,Los Angeles,2022-11-14T00:00:00,Pending,FedEx
457,1069,278,Los Angeles,2022-11-17T00:00:00,Pending,FedEx
458,1056,27,Houston,2023-03-06T00:00:00,Cancelled,FedEx
459,1056,27,Houston,2023-03-08T00:00:00,In Transit,USPS
460,1060,176,Miami,2023-02-13T00:00:00,In Transit,DHL
461,1059,248,New York,2019-05-21T00:00:00,Delivered,USPS
462,1059,248,New York,2019-05-22T00:00:00,Cancelled,UPS
463,1057,166,Houston,2020-01-25T00:00:00,Delivered,UPS
464,1058,154,Houston,2018-10-06T00:00:00,Delivered,USPS
465,1061,186,Miami,2018-03-07T00:00:00,Delivered,USPS
466,1062,170,Miami,2020-04-30T00:00:00,Delivered,FedEx
467,1062,170,Miami,2020-05-04T00:00:00,Cancelled,UPS
468,1070,118,Los Angeles,2018-04-26T00:00:00,Pending,USPS
469,1070,118,Los Angeles,2018-04-26T00:00:00,Delivered,FedEx
470,1063,288,Miami,2020-01-10T00:00:00,In Transit,DHL
471,1064,5,Miami,2019-05-17T00:00:00,Delivered,USPS
472,1067,97,Chicago,2018-11-17T00:00:00,Cancelled,UPS
473,1071,171,Los Angeles,2019-09-09T00:00:00,In Transit,UPS
474,1071,171,Los Angeles,2019-09-05T00:00:00,Pending,FedEx
475,1060,247,New York,2020-03-02T00:00:00,Delivered,USPS
476,1060,247,New York,2020-03-06T00:00:00,Pending,UPS
477,1065,265,Miami,2022-06-28T00:00:00,In Transit,DHL
478,1065,265,Miami,2022-07-05T00:00:00,Pending,FedEx
479,1059,242,Houston,2021-10-17T00:00:00,Pending,USPS
480,1068,161,Chicago,2019-05-04T00:00:00,Delivered,USPS
481,1068,161,Chicago,2019-05-13T00:00:00,Pending,FedEx
482,1066,20,Miami,2020-12-13T00:00:00,In Transit,FedEx
483,1067,72,Miami,2020-12-23T00:00:00,Cancelled,UPS
484,1069,159,Chicago,2022-01-03T00:00:00,Pending,FedEx
485,1069,159,Chicago,2022-01-07T00:00:00,Pending,USPS
486,1061,22,New York,2023-03-01T00:00:00,Cancelled,UPS
487,1072,174,Los Angeles,2019-08-31T00:00:00,Delivered,FedEx
488,1072,174,Los Angeles,2019-09-01T00:00:00,Cancelled,UPS
489,1070,162,Chicago,2020-10-20T00:00:00,Cancelled,USPS
490,1070,162,Chicago,2020-10-19T00:00:00,Pending,FedEx
491,1071,60,Chicago,2020-03-30T00:00:00,Pending,FedEx
492,1071,60,Chicago,2020-03-27T00:00:00,In Transit,USPS
493,1068,77,Miami,2020-05-17T00:00:00,In Transit,UPS
494,1069,38,Miami,2023-03-06T00:00:00,Delivered,FedEx
495,1069,38,Miami,2023-03-08T00:00:00,Cancelled,FedEx
496,1060,136,Houston,2021-12-10T00:00:00,Cancelled,DHL
497,1060,136,Houston,2021-12-13T00:00:00,In Transit,UPS
498,1070,242,Miami,2022-10-11T00:00:00,In Transit,UPS
499,1061,57,Houston,2021-05-20T00:00:00,In Transit,UPS
500,1062,106,New York,2022-01-03T00:00:00,Pending,USPS
501,1062,3,Houston,2020-07-24T00:00:00,Pending,DHL
502,1062,3,Houston,2020-07-18T00:00:00,In Transit,FedEx
503,1063,252,Houston,2022-12-01T00:00:00,Pending,DHL
504,1063,252,Houston,2022-11-29T00:00:00,In Transit,DHL
505,1063,162,New York,2018-11-06T00:00:00,Delivered,USPS
506,1063,162,New York,2018-11-07T00:00:00,Cancelled,UPS
507,1064,81,Houston,2018-03-04T00:00:00,Cancelled,FedEx
508,1071,295,Miami,2022-05-13T00:00:00,Delivered,USPS
509,1071,295,Miami,2022-05-08T00:00:00,Cancelled,USPS
510,1072,59,Chicago,2022-06-12T00:00:00,Cancelled,DHL
511,1072,59,Chicago,2022-06-16T00:00:00,Delivered,UPS
512,1073,105,Chicago,2020-08-08T00:00:00,Pending,FedEx
513,1073,105,Chicago,2020-08-02T00:00:00,Delivered,DHL
514,1064,160,New York,2021-08-16T00:00:00,Pending,FedEx
515,1072,14,Miami,2020-07-15T00:00:00,In Transit,USPS
516,1072,14,Miami,2020-07-25T00:00:00,In Transit,UPS
517,1073,144,Miami,2022-05-07T00:00:00,Pending,FedEx
518,1065,187,New York,2021-01-11T00:00:00,Pending,DHL
519,1065,187,New York,2021-01-14T00:00:00,In Transit,USPS
520,1065,254,Houston,2021-10-06T00:00:00,Cancelled,UPS
521,1074,56,Chicago,2020-02-18T00:00:00,Delivered,FedEx
522,1074,56,Chicago,2020-02-12T00:00:00,Delivered,UPS
523,1066,261,New York,2023-06-04T00:00:00,Delivered,DHL
524,1067,164,New York,2019-08-22T00:00:00,Delivered,FedEx
525,1067,164,New York,2019-08-25T00:00:00,Pending,USPS
526,1068,42,New York,2019-08-14T00:00:00,Pending,USPS
527,1073,283,Los Angeles,2023-12-18T00:00:00,Cancelled,FedEx
528,1073,283,Los Angeles,2023-12-16T00:00:00,Pending,DHL
529,1074,73,Miami,2021-01-24T00:00:00,In Transit,DHL
530,1074,73,Miami,2021-01-27T00:00:00,In Transit,USPS
531,1075,282,Miami,2021-10-10T00:00:00,Delivered,UPS
532,1075,282,Miami,2021-10-09T00:00:00,In Transit,FedEx
533,1074,43,Los Angeles,2020-03-19T00:00:00,Delivered,UPS
534,1074,43,Los Angeles,2020-03-20T00:00:00,Delivered,UPS
535,1075,69,Chicago,2022-03-20T00:00:00,Cancelled,FedEx
536,1075,69,Chicago,2022-03-19T00:00:00,Pending,FedEx
537,1076,37,Chicago,2018-02-07T00:00:00,Cancelled,USPS
538,1076,219,Miami,2023-11-01T00:00:00,In Transit,USPS
539,1076,219,Miami,2023-11-12T00:00:00,Pending,UPS
540,1077,185,Miami,2022-11-30T00:00:00,In Transit,DHL
541,1077,185,Miami,2022-12-08T00:00:00,In Transit,DHL
542,1077,20,Chicago,2023-07-23T00:00:00,Cancelled,USPS
543,1069,277,New York,2020-07-07T00:00:00,Cancelled,UPS
544,1069,277,New York,2020-06-30T00:00:00,Cancelled,FedEx
545,1066,4,Houston,2023-11-03T00:00:00,In Transit,DHL
546,1066,4,Houston,2023-11-08T00:00:00,Cancelled,UPS
547,1070,244,New York,2018-10-11T00:00:00,Pending,DHL
548,1078,198,Chicago,2023-11-22T00:00:00,In Transit,DHL
549,1078,139,Miami,2021-01-15T00:00:00,Cancelled,DHL
550,1078,139,Miami,2021-01-10T00:00:00,Cancelled,USPS
551,1075,174,Los Angeles,2020-08-27T00:00:00,Pending,DHL
552,1067,221,Houston,2023-07-20T00:00:00,Pending,UPS
553,1079,29,Miami,2023-07-29T00:00:00,Pending,UPS
554,1076,100,Los Angeles,2022-08-04T00:00:00,Pending,UPS
555,1076,100,Los Angeles,2022-07-30T00:00:00,Delivered,UPS
556,1071,4,New York,2023-03-26T00:00:00,Cancelled,USPS
557,1077,295,Los Angeles,2023-04-04T00:00:00,Pending,FedEx
558,1079,55,Chicago,2019-12-18T00:00:00,In Transit,DHL
559,1079,55,Chicago,2019-12-15T00:00:00,Pending,FedEx
560,1080,253,Miami,2022-01-01T00:00:00,Cancelled,UPS
561,1072,299,New York,2018-08-18T00:00:00,Pending,UPS
562,1072,299,New York,2018-08-27T00:00:00,Delivered,FedEx
563,1078,40,Los Angeles,2023-12-18T00:00:00,Pending,USPS
564,1078,40,Los Angeles,2023-12-27T00:00:00,Cancelled,DHL
565,1068,114,Houston,2019-09-19T00:00:00,Pending,DHL
566,1068,114,Houston,2019-09-29T00:00:00,Cancelled,USPS
567,1080,132,Chicago,2019-11-11T00:00:00,Cancelled,USPS
568,1069,110,Houston,2018-08-22T00:00:00,In Transit,USPS
569,1070,289,Houston,2021-04-06T00:00:00,Pending,USPS
570,1081,148,Chicago,2022-01-23T00:00:00,Cancelled,UPS
571,1081,148,Chicago,2022-01-28T00:00:00,In Transit,DHL
572,1082,74,Chicago,2020-10-19T00:00:00,Pending,FedEx
573,1071,226,Houston,2018-01-17T00:00:00,Delivered,UPS
574,1071,226,Houston,2018-01-14T00:00:00,Cancelled,FedEx
575,1081,93,Miami,2021-06-30T00:00:00,Delivered,UPS
576,1081,93,Miami,2021-07-02T00:00:00,Delivered,UPS
577,1073,298,New York,2021-12-01T00:00:00,Delivered,USPS
578,1083,290,Chicago,2021-04-25T00:00:00,Cancelled,USPS
579,1082,295,Miami,2019-10-25T00:00:00,In Transit,UPS
580,1082,295,Miami,2019-10-20T00:00:00,In Transit,USPS
581,1072,49,Houston,2020-06-07T00:00:00,In Transit,UPS
582,1083,99,Miami,2018-01-07T00:00:00,Pending,USPS
583,1074,23,New York,2020-03-20T00:00:00,Delivered,FedEx
584,1074,23,New York,2020-03-14T00:00:00,In Transit,FedEx
585,1079,10,Los Angeles,2022-02-05T00:00:00,Pending,UPS
586,1084,61,Chicago,2019-09-04T00:00:00,Cancelled,FedEx
587,1085,255,Chicago,2018-06-25T00:00:00,Delivered,FedEx
588,1084,90,Miami,2023-09-23T00:00:00,In Transit,UPS
589,1084,90,Miami,2023-09-24T00:00:00,Delivered,UPS
590,1085,194,Miami,2020-12-08T00:00:00,Cancelled,USPS
591,1075,76,New York,2019-05-22T00:00:00,In Transit,DHL
592,1075,76,New York,2019-05-28T00:00:00,In Transit,FedEx
593,1073,124,Houston,2020-01-04T00:00:00,Pending,FedEx
594,1073,124,Houston,2020-01-02T00:00:00,Pending,UPS
595,1074,230,Houston,2020-10-12T00:00:00,Cancelled,FedEx
596,1076,55,New York,2021-03-19T00:00:00,Delivered,USPS
597,1075,62,Houston,2019-01-16T00:00:00,In Transit,USPS
598,1075,62,Houston,2019-01-16T00:00:00,In Transit,USPS
599,1086,146,Miami,2023-07-03T00:00:00,Pending,DHL
600,1086,146,Miami,2023-07-03T00:00:00,Pending,UPS
601,1077,148,New York,2018-02-14T00:00:00,Cancelled,DHL
602,1080,256,Los Angeles,2018-08-29T00:00:00,Pending,FedEx
603,1080,256,Los Angeles,2018-08-28T00:00:00,In Transit,FedEx
604,1081,37,Los Angeles,2023-08-02T00:00:00,Delivered,USPS
605,1081,37,Los Angeles,2023-07-27T00:00:00,Cancelled,DHL
606,1078,85,New York,2022-05-14T00:00:00,Cancelled,UPS
607,1087,172,Miami,2022-08-26T00:00:00,Pending,UPS
608,1079,107,New York,2023-08-08T00:00:00,Cancelled,DHL
609,1079,107,New York,2023-08-13T00:00:00,Pending,UPS
610,1076,20,Houston,2020-12-20T00:00:00,Cancelled,USPS
611,1076,20,Houston,2020-12-28T00:00:00,Delivered,UPS
612,1080,36,New York,2018-05-18T00:00:00,Delivered,UPS
613,1080,36,New York,2018-05-20T00:00:00,Delivered,UPS
614,1086,102,Chicago,2019-08-04T00:00:00,Cancelled,DHL
615,1086,102,Chicago,2019-08-04T00:00:00,In Transit,DHL
616,1087,198,Chicago,2022-12-09T00:00:00,Pending,UPS
617,1081,282,New York,2020-10-22T00:00:00,Cancelled,DHL
618,1081,282,New York,2020-10-19T00:00:00,Cancelled,USPS
619,1088,198,Miami,2021-02-13T00:00:00,Cancelled,UPS
620,1088,198,Miami,2021-02-20T00:00:00,Delivered,UPS
621,1088,238,Chicago,2018-08-25T00:00:00,In Transit,DHL
622,1088,238,Chicago,2018-08-13T00:00:00,In Transit,USPS
623,1089,246,Miami,2018-01-12T00:00:00,Pending,USPS
624,1089,270,Chicago,2019-04-02T00:00:00,Delivered,FedEx
625,1082,5,Los Angeles,2022-03-10T00:00:00,Pending,UPS
626,1090,77,Chicago,2019-12-07T00:00:00,In Transit,FedEx
627,1090,254,Miami,2020-07-30T00:00:00,Pending,FedEx
628,1090,254,Miami,2020-07-25T00:00:00,In Transit,DHL
629,1091,117,Miami,2018-09-05T00:00:00,Pending,DHL
630,1091,117,Miami,2018-09-02T00:00:00,Delivered,FedEx
631,1082,139,New York,2019-11-18T00:00:00,Delivered,USPS
632,1083,182,Los Angeles,2020-09-20T00:00:00,In Transit,UPS
633,1083,182,Los Angeles,2020-09-23T00:00:00,In Transit,FedEx
634,1092,67,Miami,2022-07-23T00:00:00,Delivered,FedEx
635,1093,45,Miami,2019-03-15T00:00:00,Cancelled,DHL
636,1094,286,Miami,2022-12-10T00:00:00,Delivered,USPS
637,1094,286,Miami,2022-12-18T00:00:00,Delivered,UPS
638,1095,167,Miami,2019-05-15T00:00:00,In Transit,USPS
639,1095,167,Miami,2019-05-17T00:00:00,Delivered,FedEx
640,1084,147,Los Angeles,2023-07-29T00:00:00,Delivered,USPS
641,1084,147,Los Angeles,2023-07-25T00:00:00,Delivered,DHL
642,1091,265,Chicago,2018-03-25T00:00:00,Cancelled,UPS
643,1085,95,Los Angeles,2021-12-28T00:00:00,Delivered,FedEx
644,1085,95,Los Angeles,2021-12-28T00:00:00,In Transit,UPS
645,1077,39,Houston,2018-10-30T00:00:00,In Transit,FedEx
646,1077,39,Houston,2018-10-28T00:00:00,In Transit,DHL
647,1086,242,Los Angeles,2019-09-06T00:00:00,Delivered,DHL
648,1086,242,Los Angeles,2019-09-01T00:00:00,Delivered,UPS
649,1092,273,Chicago,2022-01-11T00:00:00,Delivered,DHL
650,1083,185,New York,2023-11-24T00:00:00,Pending,DHL
651,1087,99,Los Angeles,2023-01-13T00:00:00,Cancelled,UPS
652,1087,99,Los Angeles,2023-01-18T00:00:00,Pending,UPS
653,1078,213,Houston,2020-04-19T00:00:00,Delivered,DHL
654,1084,149,New York,2018-12-22T00:00:00,Pending,USPS
655,1084,149,New York,2019-01-03T00:00:00,Pending,DHL
656,1096,201,Miami,2020-04-22T00:00:00,In Transit,FedEx
657,1093,105,Chicago,2022-08-31T00:00:00,In Transit,USPS
658,1093,105,Chicago,2022-08-26T00:00:00,Cancelled,USPS
659,1094,120,Chicago,2018-10-04T00:00:00,In Transit,FedEx
660,1094,120,Chicago,2018-10-07T00:00:00,Pending,UPS
661,1085,238,New York,2020-11-18T00:00:00,Delivered,DHL
662,1085,238,New York,2020-11-13T00:00:00,Cancelled,FedEx
663,1097,255,Miami,2023-02-26T00:00:00,Cancelled,DHL
664,1086,270,New York,2020-08-07T00:00:00,In Transit,FedEx
665,1086,270,New York,2020-08-12T00:00:00,Cancelled,FedEx
666,1095,24,Chicago,2018-04-08T00:00:00,Delivered,USPS
667,1096,45,Chicago,2021-12-01T00:00:00,In Transit,FedEx
668,1088,170,Los Angeles,2023-02-08T00:00:00,Cancelled,USPS
669,1088,170,Los Angeles,2023-02-04T00:00:00,Cancelled,FedEx
670,1089,83,Los Angeles,2021-10-19T00:00:00,In Transit,DHL
671,1089,83,Los Angeles,2021-10-21T00:00:00,Pending,USPS
672,1087,29,New York,2023-06-29T00:00:00,Delivered,FedEx
673,1079,128,Houston,2023-01-13T00:00:00,In Transit,FedEx
674,1079,128,Houston,2023-01-19T00:00:00,In Transit,USPS
675,1097,284,Chicago,2021-01-08T00:00:00,Pending,DHL
676,1097,284,Chicago,2020-12-30T00:00:00,Delivered,USPS
677,1098,27,Chicago,2019-01-16T00:00:00,In Transit,DHL
678,1088,292,New York,2023-02-20T00:00:00,Pending,USPS
679,1088,292,New York,2023-02-24T00:00:00,Delivered,FedEx
680,1090,54,Los Angeles,2019-01-01T00:00:00,Delivered,USPS
681,1090,54,Los Angeles,2019-01-07T00:00:00,Delivered,USPS
682,1098,135,Miami,2019-04-20T00:00:00,Cancelled,DHL
683,1091,115,Los Angeles,2021-02-18T00:00:00,Pending,USPS
684,1091,115,Los Angeles,2021-02-08T00:00:00,Cancelled,DHL
685,1099,11,Miami,2020-05-22T00:00:00,Pending,FedEx
686,1092,21,Los Angeles,2021-12-09T00:00:00,Cancelled,USPS
687,1089,11,New York,2018-05-06T00:00:00,In Transit,UPS
688,1089,11,New York,2018-04-28T00:00:00,Pending,FedEx
689,1093,228,Los Angeles,2022-04-16T00:00:00,Cancelled,DHL
690,1090,196,New York,2019-04-16T00:00:00,In Transit,DHL
691,1100,264,Miami,2018-08-14T00:00:00,Cancelled,UPS
692,1091,149,New York,2023-07-17T00:00:00,In Transit,UPS
693,1099,45,Chicago,2020-09-25T00:00:00,Delivered,UPS
694,1094,64,Los Angeles,2021-08-01T00:00:00,Delivered,DHL
695,1094,64,Los Angeles,2021-07-21T00:00:00,Delivered,FedEx
696,1080,74,Houston,2023-12-01T00:00:00,Delivered,USPS
697,1080,74,Houston,2023-11-25T00:00:00,Pending,FedEx
698,1081,247,Houston,2018-07-31T00:00:00,In Transit,FedEx
699,1081,247,Houston,2018-08-02T00:00:00,In Transit,FedEx
700,1101,35,Miami,2020-10-10T00:00:00,Pending,DHL
701,1101,35,Miami,2020-10-13T00:00:00,Cancelled,UPS
702,1092,178,New York,2023-09-06T00:00:00,Pending,FedEx
703,1092,178,New York,2023-09-07T00:00:00,Cancelled,UPS
704,1102,59,Miami,2019-03-08T00:00:00,Cancelled,USPS
705,1102,59,Miami,2019-02-25T00:00:00,Pending,FedEx
706,1103,75,Miami,2021-01-27T00:00:00,Cancelled,UPS
707,1093,1,New York,2022-08-13T00:00:00,Delivered,UPS
708,1093,1,New York,2022-08-10T00:00:00,In Transit,DHL
709,1095,3,Los Angeles,2018-05-15T00:00:00,Cancelled,USPS
710,1095,3,Los Angeles,2018-05-20T00:00:00,In Transit,USPS
711,1096,46,Los Angeles,2020-01-12T00:00:00,Delivered,DHL
712,1097,95,Los Angeles,2023-12-09T00:00:00,Delivered,DHL
713,1094,15,New York,2021-03-29T00:00:00,Pending,FedEx
714,1100,256,Chicago,2023-06-21T00:00:00,Cancelled,FedEx
715,1100,256,Chicago,2023-06-26T00:00:00,Delivered,DHL
716,1098,131,Los Angeles,2018-03-15T00:00:00,In Transit,DHL
717,1101,246,Chicago,2018-05-22T00:00:00,Pending,USPS
718,1101,246,Chicago,2018-05-14T00:00:00,In Transit,UPS
719,1102,98,Chicago,2021-08-18T00:00:00,Delivered,UPS
720,1099,170,Los Angeles,2020-09-19T00:00:00,In Transit,DHL
721,1099,170,Los Angeles,2020-09-30T00:00:00,Cancelled,FedEx
722,1082,203,Houston,2020-09-22T00:00:00,Pending,DHL
723,1082,203,Houston,2020-09-26T00:00:00,Pending,DHL
724,1095,240,New York,2019-01-30T00:00:00,Cancelled,FedEx
725,1095,240,New York,2019-01-21T00:00:00,Cancelled,USPS
726,1104,63,Miami,2023-05-05T00:00:00,Cancelled,UPS
727,1104,63,Miami,2023-05-08T00:00:00,Pending,FedEx
728,1096,186,New York,2023-01-07T00:00:00,Cancelled,FedEx
729,1083,70,Houston,2018-02-11T00:00:00,Cancelled,DHL
730,1100,212,Los Angeles,2020-06-10T00:00:00,Pending,USPS
731,1097,137,New York,2018-01-10T00:00:00,Cancelled,DHL
732,1097,137,New York,2018-01-09T00:00:00,In Transit,USPS
733,1098,157,New York,2021-07-19T00:00:00,Pending,USPS
734,1101,86,Los Angeles,2021-03-28T00:00:00,In Transit,FedEx
735,1101,86,Los Angeles,2021-03-28T00:00:00,Pending,FedEx
736,1099,263,New York,2023-03-06T00:00:00,Cancelled,DHL
737,1099,263,New York,2023-03-09T00:00:00,Pending,FedEx
738,1100,19,New York,2018-02-11T00:00:00,In Transit,DHL
739,1103,23,Chicago,2018-10-05T00:00:00,Cancelled,DHL
740,1102,202,Los Angeles,2022-11-02T00:00:00,Pending,DHL
741,1102,202,Los Angeles,2022-11-04T00:00:00,Cancelled,FedEx
742,1105,220,Miami,2022-09-05T00:00:00,Cancelled,DHL
743,1105,220,Miami,2022-08-29T00:00:00,Delivered,UPS
744,1106,153,Miami,2021-02-01T00:00:00,Delivered,UPS
745,1107,211,Miami,2018-08-22T00:00:00,Delivered,DHL
746,1108,291,Miami,2023-03-09T00:00:00,In Transit,DHL
747,1104,142,Chicago,2021-06-21T00:00:00,Delivered,DHL
748,1101,253,New York,2019-04-08T00:00:00,Cancelled,UPS
749,1101,253,New York,2019-04-11T00:00:00,In Transit,UPS
750,1084,136,Houston,2023-11-17T00:00:00,Pending,FedEx
751,1084,136,Houston,2023-11-09T00:00:00,Delivered,UPS
752,1085,225,Houston,2022-04-13T00:00:00,Pending,DHL
753,1105,69,Chicago,2023-07-14T00:00:00,Delivered,USPS
754,1105,69,Chicago,2023-07-08T00:00:00,In Transit,FedEx
755,1109,289,Miami,2022-08-31T00:00:00,Delivered,UPS
756,1086,14,Houston,2022-11-21T00:00:00,Cancelled,USPS
757,1086,14,Houston,2022-11-12T00:00:00,In Transit,USPS
758,1102,242,New York,2021-05-19T00:00:00,In Transit,USPS
759,1102,242,New York,2021-05-07T00:00:00,Pending,DHL
760,1110,113,Miami,2020-06-16T00:00:00,Delivered,USPS
761,1111,293,Miami,2018-09-30T00:00:00,Pending,DHL
762,1111,293,Miami,2018-09-23T00:00:00,Pending,FedEx
763,1106,228,Chicago,2018-07-17T00:00:00,Cancelled,FedEx
764,1106,228,Chicago,2018-07-12T00:00:00,Delivered,USPS
765,1112,226,Miami,2021-01-15T00:00:00,In Transit,USPS
766,1112,226,Miami,2021-01-09T00:00:00,Cancelled,UPS
767,1113,58,Miami,2022-08-04T00:00:00,Pending,FedEx
768,1113,58,Miami,2022-07-30T00:00:00,Cancelled,USPS
769,1103,234,Los Angeles,2019-05-13T00:00:00,In Transit,DHL
770,1103,234,Los Angeles,2019-05-06T00:00:00,Pending,UPS
771,1104,85,Los Angeles,2020-07-22T00:00:00,In Transit,FedEx
772,1103,166,New York,2021-03-18T00:00:00,Delivered,UPS
773,1103,166,New York,2021-03-17T00:00:00,Cancelled,UPS
774,1087,41,Houston,2021-03-05T00:00:00,Delivered,USPS
775,1088,81,Houston,2020-03-25T00:00:00,Pending,FedEx
776,1088,81,Houston,2020-03-19T00:00:00,Delivered,DHL
777,1114,160,Miami,2018-10-20T00:00:00,Cancelled,UPS
778,1114,160,Miami,2018-10-23T00:00:00,Cancelled,UPS
779,1115,28,Miami,2020-10-23T00:00:00,Pending,USPS
780,1115,28,Miami,2020-10-15T00:00:00,Delivered,DHL
781,1116,195,Miami,2022-09-27T00:00:00,In Transit,UPS
782,1116,195,Miami,2022-09-28T00:00:00,Pending,USPS
783,1089,279,Houston,2022-06-11T00:00:00,Delivered,DHL
784,1089,279,Houston,2022-06-19T00:00:00,Delivered,FedEx
785,1107,231,Chicago,2021-04-30T00:00:00,Delivered,USPS
786,1104,183,New York,2023-06-17T00:00:00,Cancelled,DHL
787,1104,183,New York,2023-06-15T00:00:00,In Transit,DHL
788,1090,29,Houston,2018-01-09T00:00:00,Cancelled,FedEx
789,1090,29,Houston,2018-01-18T00:00:00,In Transit,FedEx
790,1117,84,Miami,2023-07-13T00:00:00,Cancelled,USPS
791,1118,33,Miami,2023-01-06T00:00:00,Delivered,FedEx
792,1118,33,Miami,2022-12-31T00:00:00,Cancelled,DHL
793,1119,184,Miami,2019-07-05T00:00:00,Delivered,USPS
794,1119,184,Miami,2019-07-01T00:00:00,Delivered,USPS
795,1105,61,Los Angeles,2023-05-31T00:00:00,In Transit,FedEx
796,1105,61,Los Angeles,2023-06-07T00:00:00,Cancelled,FedEx
797,1091,258,Houston,2018-08-20T00:00:00,Pending,USPS
798,1108,207,Chicago,2021-05-14T00:00:00,Cancelled,DHL
799,1105,36,New York,2021-02-04T00:00:00,Pending,USPS
800,1105,36,New York,2021-02-08T00:00:00,In Transit,USPS
801,1092,36,Houston,2020-08-01T00:00:00,In Transit,USPS
802,1092,36,Houston,2020-07-27T00:00:00,Pending,USPS
803,1093,192,Houston,2023-07-27T00:00:00,In Transit,USPS
804,1106,144,New York,2019-09-10T00:00:00,In Transit,FedEx
805,1107,165,New York,2020-11-14T00:00:00,Delivered,USPS
806,1108,62,New York,2020-12-05T00:00:00,In Transit,DHL
807,1108,62,New York,2020-12-08T00:00:00,Cancelled,USPS
808,1094,56,Houston,2023-10-05T00:00:00,In Transit,USPS
809,1094,56,Houston,2023-10-05T00:00:00,Cancelled,USPS
810,1109,271,Chicago,2022-02-21T00:00:00,Delivered,FedEx
811,1106,48,Los Angeles,2024-01-01T00:00:00,Delivered,DHL
812,1107,156,Los Angeles,2019-10-25T00:00:00,Pending,FedEx
813,1107,156,Los Angeles,2019-10-25T00:00:00,Cancelled,FedEx
814,1095,8,Houston,2023-09-02T00:00:00,In Transit,USPS
815,1108,90,Los Angeles,2021-01-13T00:00:00,Pending,DHL
816,1108,90,Los Angeles,2021-01-12T00:00:00,In Transit,DHL
817,1096,92,Houston,2023-09-01T00:00:00,In Transit,DHL
818,1110,175,Chicago,2018-09-17T00:00:00,Pending,USPS
819,1110,175,Chicago,2018-09-15T00:00:00,Delivered,DHL
820,1097,136,Houston,2018-12-06T00:00:00,Delivered,USPS
821,1109,249,New York,2023-03-26T00:00:00,Pending,UPS
822,1109,249,New York,2023-03-25T00:00:00,Delivered,UPS
823,1098,148,Houston,2019-03-31T00:00:00,Cancelled,FedEx
824,1099,106,Houston,2023-02-02T00:00:00,Cancelled,UPS
825,1120,197,Miami,2023-08-06T00:00:00,Delivered,UPS
826,1120,197,Miami,2023-08-14T00:00:00,In Transit,UPS
827,1109,211,Los Angeles,2021-11-26T00:00:00,Pending,FedEx
828,1111,189,Chicago,2023-09-19T00:00:00,Cancelled,UPS
829,1111,189,Chicago,2023-09-22T00:00:00,Pending,DHL
830,1112,267,Chicago,2021-11-21T00:00:00,In Transit,DHL
831,1112,267,Chicago,2021-11-18T00:00:00,In Transit,USPS
832,1100,98,Houston,2022-06-18T00:00:00,Cancelled,USPS
833,1100,98,Houston,2022-06-25T00:00:00,In Transit,UPS
834,1101,163,Houston,2022-01-19T00:00:00,Pending,USPS
835,1101,163,Houston,2022-01-16T00:00:00,Cancelled,UPS
836,1102,11,Houston,2019-04-27T00:00:00,In Transit,UPS
837,1102,11,Houston,2019-05-05T00:00:00,In Transit,FedEx
838,1110,22,Los Angeles,2022-06-06T00:00:00,Delivered,USPS
839,1110,22,Los Angeles,2022-06-07T00:00:00,Delivered,DHL
840,1113,7,Chicago,2021-09-06T00:00:00,Delivered,FedEx
841,1113,7,Chicago,2021-09-01T00:00:00,Cancelled,DHL
842,1103,17,Houston,2018-02-21T00:00:00,In Transit,DHL
843,1114,75,Chicago,2018-10-05T00:00:00,Delivered,FedEx
844,1114,75,Chicago,2018-10-09T00:00:00,Cancelled,USPS
845,1110,57,New York,2022-10-05T00:00:00,Delivered,FedEx
846,1110,57,New York,2022-10-09T00:00:00,Delivered,USPS
847,1111,1,Los Angeles,2021-09-12T00:00:00,Cancelled,FedEx
848,1111,152,New York,2023-09-06T00:00:00,In Transit,FedEx
849,1121,54,Miami,2019-05-07T00:00:00,Pending,UPS
850,1121,54,Miami,2019-05-03T00:00:00,In Transit,UPS
851,1112,192,New York,2022-07-26T00:00:00,Cancelled,FedEx
852,1112,192,New York,2022-07-19T00:00:00,In Transit,UPS
853,1112,176,Los Angeles,2018-02-03T00:00:00,Delivered,DHL
854,1112,176,Los Angeles,2018-01-21T00:00:00,Cancelled,DHL
855,1113,295,New York,2021-08-24T00:00:00,Delivered,UPS
856,1104,276,Houston,2021-05-05T00:00:00,Delivered,UPS
857,1104,276,Houston,2021-05-06T00:00:00,In Transit,FedEx
858,1122,272,Miami,2023-06-05T00:00:00,In Transit,FedEx
859,1113,139,Los Angeles,2018-12-17T00:00:00,Pending,UPS
860,1113,139,Los Angeles,2018-12-23T00:00:00,In Transit,USPS
861,1114,85,Los Angeles,2022-09-07T00:00:00,Pending,USPS
862,1114,85,Los Angeles,2022-08-29T00:00:00,Delivered,USPS
863,1115,254,Los Angeles,2022-07-14T00:00:00,In Transit,UPS
864,1115,254,Los Angeles,2022-07-16T00:00:00,Cancelled,UPS
865,1116,83,Los Angeles,2021-08-18T00:00:00,Cancelled,DHL
866,1116,83,Los Angeles,2021-08-24T00:00:00,Pending,FedEx
867,1123,2,Miami,2021-07-29T00:00:00,In Transit,UPS
868,1117,146,Los Angeles,2020-09-20T00:00:00,Pending,DHL
869,1124,20,Miami,2023-06-11T00:00:00,In Transit,USPS
870,1124,20,Miami,2023-06-07T00:00:00,Delivered,UPS
871,1114,70,New York,2018-11-19T00:00:00,In Transit,USPS
872,1114,70,New York,2018-11-20T00:00:00,Cancelled,FedEx
873,1118,207,Los Angeles,2020-02-07T00:00:00,In Transit,FedEx
874,1118,207,Los Angeles,2020-02-11T00:00:00,Cancelled,UPS
875,1115,133,Chicago,2020-12-27T00:00:00,Delivered,FedEx
876,1115,133,Chicago,2020-12-28T00:00:00,Cancelled,DHL
877,1119,114,Los Angeles,2019-09-16T00:00:00,Pending,FedEx
878,1119,114,Los Angeles,2019-09-11T00:00:00,Delivered,UPS
879,1105,102,Houston,2020-05-11T00:00:00,Cancelled,UPS
880,1105,102,Houston,2020-05-09T00:00:00,Delivered,DHL
881,1120,246,Los Angeles,2023-04-28T00:00:00,Delivered,USPS
882,1106,8,Houston,2022-05-08T00:00:00,Pending,FedEx
883,1106,8,Houston,2022-04-28T00:00:00,Pending,DHL
884,1125,189,Miami,2019-03-10T00:00:00,Pending,DHL
885,1125,189,Miami,2019-03-10T00:00:00,Cancelled,USPS
886,1107,178,Houston,2019-03-03T00:00:00,Pending,DHL
887,1116,70,Chicago,2023-03-22T00:00:00,Delivered,USPS
888,1116,70,Chicago,2023-03-22T00:00:00,Pending,UPS
889,1108,54,Houston,2022-11-09T00:00:00,Pending,FedEx
890,1108,54,Houston,2022-11-06T00:00:00,Delivered,DHL
891,1117,113,Chicago,2023-06-18T00:00:00,Pending,UPS
892,1118,164,Chicago,2018-12-29T00:00:00,Delivered,FedEx
893,1119,174,Chicago,2020-11-27T00:00:00,Delivered,USPS
894,1119,174,Chicago,2020-11-30T00:00:00,Delivered,USPS
895,1115,296,New York,2023-02-01T00:00:00,Pending,UPS
896,1109,276,Houston,2019-11-15T00:00:00,Cancelled,DHL
897,1116,156,New York,2020-03-08T00:00:00,Cancelled,UPS
898,1116,156,New York,2020-03-03T00:00:00,Delivered,DHL
899,1117,121,New York,2018-05-23T00:00:00,Pending,DHL
900,1126,232,Miami,2019-06-25T00:00:00,In Transit,USPS
901,1121,88,Los Angeles,2023-12-03T00:00:00,Delivered,USPS
902,1118,287,New York,2019-03-25T00:00:00,Delivered,DHL
903,1118,287,New York,2019-03-26T00:00:00,Delivered,DHL
904,1119,256,New York,2022-07-22T00:00:00,In Transit,DHL
905,1119,256,New York,2022-07-28T00:00:00,Cancelled,FedEx
906,1122,19,Los Angeles,2022-07-29T00:00:00,In Transit,DHL
907,1122,19,Los Angeles,2022-07-21T00:00:00,Pending,DHL
908,1127,84,Miami,2022-12-31T00:00:00,Pending,DHL
909,1120,149,Chicago,2022-04-23T00:00:00,Delivered,FedEx
910,1120,149,Chicago,2022-05-01T00:00:00,Delivered,DHL
911,1121,272,Chicago,2019-01-20T00:00:00,In Transit,FedEx
912,1120,269,New York,2023-03-23T00:00:00,Cancelled,DHL
913,1120,269,New York,2023-03-16T00:00:00,Pending,DHL
914,1123,69,Los Angeles,2021-10-29T00:00:00,Cancelled,UPS
915,1123,69,Los Angeles,2021-10-31T00:00:00,Delivered,DHL
916,1124,94,Los Angeles,2018-06-22T00:00:00,In Transit,DHL
917,1121,112,New York,2022-02-24T00:00:00,Delivered,FedEx
918,1110,258,Houston,2023-06-18T00:00:00,In Transit,DHL
919,1110,258,Houston,2023-06-17T00:00:00,In Transit,UPS
920,1128,152,Miami,2021-05-01T00:00:00,Delivered,USPS
921,1111,123,Houston,2018-06-04T00:00:00,In Transit,UPS
922,1111,123,Houston,2018-06-17T00:00:00,In Transit,UPS
923,1122,68,New York,2021-03-24T00:00:00,Pending,UPS
924,1129,133,Miami,2020-03-03T00:00:00,Delivered,FedEx
925,1130,44,Miami,2020-08-09T00:00:00,Pending,FedEx
926,1131,178,Miami,2021-07-20T00:00:00,Delivered,DHL
927,1131,178,Miami,2021-07-29T00:00:00,In Transit,FedEx
928,1122,229,Chicago,2019-07-30T00:00:00,Cancelled,DHL
929,1125,105,Los Angeles,2023-11-04T00:00:00,Delivered,FedEx
930,1126,3,Los Angeles,2022-08-12T00:00:00,Delivered,FedEx
931,1126,3,Los Angeles,2022-08-01T00:00:00,Delivered,FedEx
932,1112,178,Houston,2020-08-18T00:00:00,Cancelled,FedEx
933,1123,155,New York,2018-10-17T00:00:00,Cancelled,USPS
934,1113,291,Houston,2021-12-01T00:00:00,Delivered,DHL
935,1114,142,Houston,2021-03-28T00:00:00,In Transit,USPS
936,1114,142,Houston,2021-04-01T00:00:00,Pending,FedEx
937,1127,153,Los Angeles,2022-12-07T00:00:00,Pending,FedEx
938,1128,109,Los Angeles,2020-04-19T00:00:00,In Transit,DHL
939,1128,109,Los Angeles,2020-04-20T00:00:00,Cancelled,USPS
940,1124,68,New York,2023-07-23T00:00:00,Cancelled,UPS
941,1123,153,Chicago,2019-02-02T00:00:00,In Transit,DHL
942,1123,153,Chicago,2019-02-02T00:00:00,Cancelled,DHL
943,1129,176,Los Angeles,2023-08-12T00:00:00,Pending,FedEx
944,1129,176,Los Angeles,2023-08-04T00:00:00,Cancelled,FedEx
945,1130,284,Los Angeles,2022-04-08T00:00:00,In Transit,DHL
946,1130,284,Los Angeles,2022-04-11T00:00:00,Delivered,USPS
947,1125,203,New York,2021-06-12T00:00:00,Pending,UPS
948,1115,186,Houston,2018-03-18T00:00:00,Pending,USPS
949,1126,77,New York,2021-08-12T00:00:00,In Transit,DHL
950,1116,202,Houston,2022-09-04T00:00:00,In Transit,USPS
951,1116,202,Houston,2022-09-09T00:00:00,Cancelled,UPS
952,1117,279,Houston,2022-01-31T00:00:00,Cancelled,USPS
953,1127,179,New York,2018-09-23T00:00:00,Cancelled,USPS
954,1127,179,New York,2018-09-10T00:00:00,Pending,DHL
955,1128,102,New York,2021-05-08T00:00:00,Delivered,FedEx
956,1128,102,New York,2021-05-06T00:00:00,Pending,DHL
957,1132,190,Miami,2023-04-15T00:00:00,Cancelled,USPS
958,1132,190,Miami,2023-04-11T00:00:00,Cancelled,UPS
959,1118,299,Houston,2022-05-05T00:00:00,Delivered,USPS
960,1118,299,Houston,2022-05-08T00:00:00,Cancelled,UPS
961,1124,21,Chicago,2020-04-29T00:00:00,Delivered,UPS
962,1124,21,Chicago,2020-04-25T00:00:00,Delivered,USPS
963,1131,20,Los Angeles,2022-10-19T00:00:00,Pending,FedEx
964,1132,226,Los Angeles,2021-10-13T00:00:00,Pending,USPS
965,1132,226,Los Angeles,2021-10-06T00:00:00,Pending,UPS
966,1129,41,New York,2020-05-18T00:00:00,In Transit,USPS
967,1129,41,New York,2020-05-24T00:00:00,Pending,UPS
968,1130,231,New York,2023-09-13T00:00:00,Delivered,DHL
969,1130,231,New York,2023-09-26T00:00:00,Delivered,FedEx
970,1119,237,Houston,2023-10-18T00:00:00,In Transit,DHL
971,1120,193,Houston,2020-11-25T00:00:00,In Transit,DHL
972,1131,186,New York,2019-06-30T00:00:00,Pending,UPS
973,1131,186,New York,2019-06-24T00:00:00,Cancelled,DHL
974,1121,25,Houston,2022-05-05T00:00:00,Delivered,USPS
975,1121,25,Houston,2022-05-04T00:00:00,In Transit,DHL
976,1132,172,New York,2023-12-12T00:00:00,In Transit,USPS
977,1132,172,New York,2023-12-13T00:00:00,Delivered,FedEx
978,1125,121,Chicago,2021-02-17T00:00:00,Cancelled,FedEx
979,1125,121,Chicago,2021-02-08T00:00:00,Cancelled,FedEx
980,1133,235,Miami,2020-03-06T00:00:00,Delivered,DHL
981,1126,126,Chicago,2019-10-31T00:00:00,Pending,USPS
982,1126,126,Chicago,2019-10-22T00:00:00,Cancelled,DHL
983,1133,100,New York,2018-09-06T00:00:00,Cancelled,FedEx
984,1122,281,Houston,2018-06-30T00:00:00,In Transit,FedEx
985,1127,274,Chicago,2019-08-15T00:00:00,Pending,FedEx
986,1127,274,Chicago,2019-08-16T00:00:00,Pending,UPS
987,1134,86,New York,2019-04-01T00:00:00,Pending,USPS
988,1134,86,New York,2019-03-31T00:00:00,Pending,DHL
989,1128,225,Chicago,2020-10-12T00:00:00,Delivered,FedEx
990,1128,225,Chicago,2020-10-09T00:00:00,Pending,DHL
991,1123,17,Houston,2019-05-20T00:00:00,Cancelled,FedEx
992,1123,17,Houston,2019-05-21T00:00:00,Cancelled,UPS
993,1124,83,Houston,2023-03-18T00:00:00,In Transit,USPS
994,1124,83,Houston,2023-03-09T00:00:00,In Transit,USPS
995,1134,207,Miami,2022-04-12T00:00:00,Delivered,FedEx
996,1133,214,Los Angeles,2019-03-11T00:00:00,Cancelled,UPS
997,1133,214,Los Angeles,2019-03-04T00:00:00,Delivered,UPS
998,1134,192,Los Angeles,2019-09-27T00:00:00,Pending,USPS
999,1134,192,Los Angeles,2019-09-23T00:00:00,Pending,FedEx
1000,1125,222,Houston,2019-02-22T00:00:00,Delivered,USPS
1001,1135,71,Los Angeles,2021-10-15T00:00:00,Cancelled,DHL
1002,1135,71,Los Angeles,2021-10-19T00:00:00,In Transit,UPS
1003,1135,81,New York,2019-12-19T00:00:00,In Transit,FedEx
1004,1135,161,Miami,2023-08-20T00:00:00,Cancelled,FedEx
1005,1135,161,Miami,2023-08-13T00:00:00,Cancelled,DHL
1006,1126,149,Houston,2019-06-21T00:00:00,Cancelled,FedEx
1007,1136,112,Miami,2021-09-05T00:00:00,Pending,USPS
1008,1136,112,Miami,2021-09-14T00:00:00,Cancelled,DHL
1009,1136,96,New York,2019-01-10T00:00:00,Pending,USPS
1010,1136,192,Los Angeles,2020-04-26T00:00:00,Pending,UPS
1011,1136,192,Los Angeles,2020-04-19T00:00:00,Pending,FedEx
1012,1129,68,Chicago,2023-09-18T00:00:00,Pending,DHL
1013,1129,68,Chicago,2023-09-26T00:00:00,Delivered,UPS
1014,1127,175,Houston,2020-07-08T00:00:00,Pending,FedEx
1015,1137,87,New York,2019-09-13T00:00:00,Pending,UPS
1016,1138,226,New York,2019-08-12T00:00:00,Cancelled,DHL
1017,1137,255,Miami,2021-12-24T00:00:00,Delivered,FedEx
1018,1137,255,Miami,2021-12-16T00:00:00,Delivered,USPS
1019,1130,126,Chicago,2022-08-02T00:00:00,Cancelled,DHL
1020,1130,126,Chicago,2022-08-11T00:00:00,In Transit,USPS
1021,1128,92,Houston,2022-02-23T00:00:00,In Transit,USPS
1022,1139,241,New York,2020-07-28T00:00:00,Cancelled,FedEx
1023,1131,15,Chicago,2023-01-27T00:00:00,Delivered,UPS
1024,1131,15,Chicago,2023-01-28T00:00:00,Delivered,USPS
1025,1132,82,Chicago,2022-10-05T00:00:00,Cancelled,UPS
1026,1132,82,Chicago,2022-10-11T00:00:00,Cancelled,UPS
1027,1133,268,Chicago,2020-09-06T00:00:00,Delivered,FedEx
1028,1133,268,Chicago,2020-08-30T00:00:00,Delivered,UPS
1029,1138,180,Miami,2020-05-23T00:00:00,Delivered,DHL
1030,1140,109,New York,2019-11-27T00:00:00,In Transit,FedEx
1031,1140,109,New York,2019-11-22T00:00:00,Cancelled,FedEx
1032,1141,153,New York,2020-02-06T00:00:00,Cancelled,DHL
1033,1141,153,New York,2020-01-30T00:00:00,In Transit,DHL
1034,1142,34,New York,2018-04-26T00:00:00,In Transit,UPS
1035,1142,34,New York,2018-04-28T00:00:00,Cancelled,DHL
1036,1139,84,Miami,2018-09-05T00:00:00,Pending,UPS
1037,1137,273,Los Angeles,2019-10-06T00:00:00,Cancelled,UPS
1038,1137,273,Los Angeles,2019-10-08T00:00:00,In Transit,DHL
1039,1138,47,Los Angeles,2021-05-22T00:00:00,Pending,UPS
1040,1138,47,Los Angeles,2021-05-26T00:00:00,Pending,UPS
1041,1134,288,Chicago,2023-12-23T00:00:00,Cancelled,UPS
1042,1134,288,Chicago,2023-12-22T00:00:00,Pending,USPS
1043,1143,42,New York,2018-08-04T00:00:00,Cancelled,UPS
1044,1139,227,Los Angeles,2020-02-23T00:00:00,Delivered,UPS
1045,1135,281,Chicago,2022-07-14T00:00:00,Delivered,UPS
1046,1140,150,Miami,2021-02-21T00:00:00,Pending,USPS
1047,1144,67,New York,2021-06-02T00:00:00,Cancelled,DHL
1048,1129,161,Houston,2022-12-28T00:00:00,Pending,USPS
1049,1130,14,Houston,2021-01-03T00:00:00,Pending,USPS
1050,1141,63,Miami,2019-12-03T00:00:00,Pending,FedEx
1051,1141,63,Miami,2019-12-07T00:00:00,Delivered,FedEx
1052,1142,3,Miami,2020-04-14T00:00:00,Pending,USPS
1053,1142,3,Miami,2020-04-12T00:00:00,Delivered,FedEx
1054,1145,278,New York,2023-10-17T00:00:00,Pending,DHL
1055,1145,278,New York,2023-10-08T00:00:00,In Transit,UPS
1056,1143,55,Miami,2021-09-12T00:00:00,Delivered,UPS
1057,1143,55,Miami,2021-09-16T00:00:00,Pending,UPS
1058,1136,259,Chicago,2022-03-21T00:00:00,In Transit,UPS
1059,1136,259,Chicago,2022-03-28T00:00:00,Delivered,FedEx
1060,1144,15,Miami,2020-12-31T00:00:00,Delivered,DHL
1061,1144,15,Miami,2021-01-12T00:00:00,Pending,USPS
1062,1131,150,Houston,2021-07-28T00:00:00,In Transit,FedEx
1063,1132,138,Houston,2018-08-25T00:00:00,Pending,USPS
1064,1132,138,Houston,2018-08-27T00:00:00,Cancelled,FedEx
1065,1145,16,Miami,2023-10-19T00:00:00,Delivered,FedEx
1066,1145,16,Miami,2023-10-18T00:00:00,Cancelled,DHL
1067,1133,259,Houston,2023-08-25T00:00:00,Delivered,UPS
1068,1134,79,Houston,2021-02-07T00:00:00,Pending,DHL
1069,1146,30,Miami,2021-09-13T00:00:00,In Transit,UPS
1070,1140,144,Los Angeles,2023-01-07T00:00:00,Delivered,UPS
1071,1140,144,Los Angeles,2022-12-30T00:00:00,Cancelled,UPS
1072,1137,256,Chicago,2022-03-07T00:00:00,Cancelled,UPS
1073,1138,38,Chicago,2018-12-10T00:00:00,Pending,FedEx
1074,1138,38,Chicago,2018-12-13T00:00:00,Delivered,USPS
1075,1147,63,Miami,2023-10-24T00:00:00,Cancelled,UPS
1076,1139,293,Chicago,2021-08-12T00:00:00,In Transit,FedEx
1077,1146,86,New York,2022-12-20T00:00:00,Pending,FedEx
1078,1147,274,New York,2020-03-15T00:00:00,Pending,USPS
1079,1147,274,New York,2020-03-15T00:00:00,In Transit,UPS
1080,1140,58,Chicago,2020-03-18T00:00:00,Pending,DHL
1081,1148,52,Miami,2023-07-24T00:00:00,In Transit,FedEx
1082,1148,52,Miami,2023-07-30T00:00:00,Pending,FedEx
1083,1148,205,New York,2018-08-08T00:00:00,Delivered,FedEx
1084,1148,205,New York,2018-08-06T00:00:00,Delivered,UPS
1085,1141,292,Chicago,2023-10-06T00:00:00,Pending,DHL
1086,1141,292,Chicago,2023-09-30T00:00:00,Pending,DHL
1087,1141,97,Los Angeles,2022-08-30T00:00:00,Pending,DHL
1088,1142,226,Chicago,2019-10-30T00:00:00,In Transit,USPS
1089,1149,229,New York,2023-04-19T00:00:00,In Transit,UPS
1090,1149,229,New York,2023-04-10T00:00:00,Delivered,UPS
1091,1149,8,Miami,2018-10-03T00:00:00,In Transit,USPS
1092,1150,238,Miami,2018-06-09T00:00:00,Cancelled,UPS
1093,1135,43,Houston,2022-08-19T00:00:00,Delivered,UPS
1094,1136,38,Houston,2023-12-08T00:00:00,Cancelled,FedEx
1095,1136,38,Houston,2023-12-16T00:00:00,Pending,FedEx
1096,1142,155,Los Angeles,2018-09-28T00:00:00,In Transit,FedEx
1097,1150,221,New York,2020-11-21T00:00:00,In Transit,UPS
1098,1143,274,Los Angeles,2020-08-05T00:00:00,In Transit,USPS
1099,1143,274,Los Angeles,2020-07-30T00:00:00,In Transit,UPS
1100,1151,241,Miami,2018-01-21T00:00:00,Cancelled,UPS
1101,1151,241,Miami,2018-01-25T00:00:00,Delivered,USPS
1102,1144,99,Los Angeles,2018-05-02T00:00:00,In Transit,DHL
1103,1144,99,Los Angeles,2018-05-06T00:00:00,Pending,UPS
1104,1152,70,Miami,2023-04-25T00:00:00,Pending,DHL
1105,1137,156,Houston,2022-06-18T00:00:00,Cancelled,USPS
1106,1137,156,Houston,2022-06-18T00:00:00,Pending,DHL
1107,1138,257,Houston,2018-04-04T00:00:00,Delivered,UPS
1108,1143,131,Chicago,2023-12-18T00:00:00,Delivered,UPS
1109,1143,131,Chicago,2023-12-12T00:00:00,In Transit,FedEx
1110,1144,96,Chicago,2018-05-27T00:00:00,Delivered,USPS
1111,1145,269,Chicago,2019-04-11T00:00:00,Delivered,UPS
1112,1146,261,Chicago,2020-08-03T00:00:00,Cancelled,USPS
1113,1146,261,Chicago,2020-07-29T00:00:00,Delivered,UPS
1114,1145,271,Los Angeles,2022-06-16T00:00:00,Pending,USPS
1115,1145,271,Los Angeles,2022-06-13T00:00:00,Cancelled,UPS
1116,1139,261,Houston,2020-09-30T00:00:00,In Transit,USPS
1117,1146,187,Los Angeles,2023-07-30T00:00:00,In Transit,UPS
1118,1153,165,Miami,2022-06-20T00:00:00,Pending,DHL
1119,1153,165,Miami,2022-07-02T00:00:00,In Transit,DHL
1120,1154,111,Miami,2021-01-10T00:00:00,Pending,UPS
1121,1155,95,Miami,2023-12-02T00:00:00,Delivered,UPS
1122,1155,95,Miami,2023-12-06T00:00:00,Cancelled,FedEx
1123,1147,11,Chicago,2020-07-19T00:00:00,Cancelled,USPS
1124,1147,11,Chicago,2020-07-29T00:00:00,Pending,UPS
1125,1156,288,Miami,2019-10-20T00:00:00,Delivered,FedEx
1126,1148,122,Chicago,2019-03-08T00:00:00,In Transit,FedEx
1127,1148,122,Chicago,2019-03-09T00:00:00,Delivered,USPS
1128,1140,99,Houston,2018-04-29T00:00:00,Pending,USPS
1129,1157,184,Miami,2019-11-13T00:00:00,Cancelled,FedEx
1130,1157,184,Miami,2019-11-13T00:00:00,In Transit,UPS
1131,1149,279,Chicago,2019-08-15T00:00:00,Pending,DHL
1132,1149,279,Chicago,2019-08-07T00:00:00,Delivered,UPS
1133,1158,55,Miami,2023-07-09T00:00:00,Delivered,USPS
1134,1158,55,Miami,2023-07-08T00:00:00,In Transit,DHL
1135,1150,206,Chicago,2018-07-27T00:00:00,Pending,DHL
1136,1150,206,Chicago,2018-07-18T00:00:00,In Transit,UPS
1137,1151,66,Chicago,2020-07-05T00:00:00,In Transit,UPS
1138,1151,66,Chicago,2020-07-06T00:00:00,Delivered,DHL
1139,1141,249,Houston,2020-09-24T00:00:00,Delivered,UPS
1140,1159,152,Miami,2021-07-08T00:00:00,Cancelled,FedEx
1141,1160,204,Miami,2018-06-03T00:00:00,In Transit,USPS
1142,1160,204,Miami,2018-06-01T00:00:00,Cancelled,UPS
1143,1152,83,Chicago,2018-05-24T00:00:00,Cancelled,FedEx
1144,1147,113,Los Angeles,2022-05-13T00:00:00,Delivered,UPS
1145,1148,143,Los Angeles,2023-01-16T00:00:00,In Transit,USPS
1146,1149,273,Los Angeles,2023-01-29T00:00:00,In Transit,UPS
1147,1149,273,Los Angeles,2023-01-26T00:00:00,Pending,UPS
1148,1151,76,New York,2021-05-03T00:00:00,Delivered,DHL
1149,1150,171,Los Angeles,2018-07-19T00:00:00,In Transit,DHL
1150,1150,171,Los Angeles,2018-07-21T00:00:00,Pending,DHL
1151,1142,291,Houston,2022-06-26T00:00:00,In Transit,FedEx
1152,1143,192,Houston,2020-07-22T00:00:00,Delivered,UPS
1153,1143,192,Houston,2020-07-24T00:00:00,Delivered,DHL
1154,1144,129,Houston,2019-10-26T00:00:00,Cancelled,USPS
1155,1144,129,Houston,2019-10-30T00:00:00,In Transit,DHL
1156,1152,255,New York,2018-08-04T00:00:00,In Transit,FedEx
1157,1152,255,New York,2018-07-28T00:00:00,Pending,DHL
1158,1145,25,Houston,2022-08-01T00:00:00,Pending,FedEx
1159,1161,105,Miami,2018-06-14T00:00:00,Cancelled,UPS
1160,1161,105,Miami,2018-06-14T00:00:00,Cancelled,USPS
1161,1151,213,Los Angeles,2019-04-26T00:00:00,Delivered,FedEx
1162,1153,203,Chicago,2018-08-30T00:00:00,Cancelled,USPS
1163,1153,137,New York,2023-11-13T00:00:00,Pending,DHL
1164,1153,137,New York,2023-11-11T00:00:00,Cancelled,UPS
1165,1154,150,Chicago,2022-06-28T00:00:00,Cancelled,DHL
1166,1146,193,Houston,2020-11-06T00:00:00,In Transit,UPS
1167,1154,35,New York,2018-12-21T00:00:00,In Transit,UPS
1168,1155,70,New York,2020-05-17T00:00:00,Delivered,FedEx
1169,1147,175,Houston,2022-04-24T00:00:00,In Transit,FedEx
1170,1147,175,Houston,2022-05-01T00:00:00,Pending,UPS
1171,1152,82,Los Angeles,2020-04-14T00:00:00,In Transit,UPS
1172,1148,190,Houston,2023-06-22T00:00:00,Cancelled,FedEx
1173,1148,190,Houston,2023-06-13T00:00:00,Cancelled,DHL
1174,1149,89,Houston,2019-11-26T00:00:00,Pending,DHL
1175,1149,89,Houston,2019-11-24T00:00:00,Cancelled,UPS
1176,1150,257,Houston,2021-06-20T00:00:00,Cancelled,FedEx
1177,1150,257,Houston,2021-06-20T00:00:00,Pending,DHL
1178,1162,56,Miami,2018-04-21T00:00:00,In Transit,USPS
1179,1156,101,New York,2023-07-30T00:00:00,Pending,DHL
1180,1156,101,New York,2023-07-24T00:00:00,In Transit,USPS
1181,1151,266,Houston,2024-01-01T00:00:00,In Transit,FedEx
1182,1163,149,Miami,2022-12-19T00:00:00,Delivered,USPS
1183,1163,149,Miami,2022-12-14T00:00:00,In Transit,UPS
1184,1153,254,Los Angeles,2018-05-06T00:00:00,In Transit,DHL
1185,1164,195,Miami,2021-06-27T00:00:00,Pending,FedEx
1186,1164,195,Miami,2021-06-23T00:00:00,In Transit,DHL
1187,1155,120,Chicago,2021-11-27T00:00:00,Cancelled,DHL
1188,1165,192,Miami,2023-05-29T00:00:00,In Transit,UPS
1189,1165,192,Miami,2023-06-09T00:00:00,Pending,FedEx
1190,1157,201,New York,2018-04-24T00:00:00,Delivered,USPS
1191,1157,201,New York,2018-04-20T00:00:00,In Transit,FedEx
1192,1154,235,Los Angeles,2021-08-25T00:00:00,In Transit,USPS
1193,1154,235,Los Angeles,2021-08-13T00:00:00,Delivered,UPS
1194,1166,155,Miami,2019-12-23T00:00:00,Cancelled,USPS
1195,1155,163,Los Angeles,2018-04-16T00:00:00,Cancelled,USPS
1196,1156,134,Chicago,2021-08-26T00:00:00,Delivered,UPS
1197,1157,56,Chicago,2021-08-24T00:00:00,Pending,USPS
1198,1157,56,Chicago,2021-08-14T00:00:00,Delivered,DHL
1199,1156,54,Los Angeles,2020-04-26T00:00:00,In Transit,DHL
1200,1152,130,Houston,2018-02-24T00:00:00,Delivered,DHL
1201,1158,5,New York,2022-05-19T00:00:00,In Transit,UPS
1202,1153,95,Houston,2023-11-08T00:00:00,Cancelled,UPS
1203,1153,95,Houston,2023-11-04T00:00:00,In Transit,USPS
1204,1159,163,New York,2023-06-13T00:00:00,In Transit,USPS
1205,1158,209,Chicago,2022-11-14T00:00:00,Cancelled,FedEx
1206,1158,209,Chicago,2022-11-07T00:00:00,In Transit,DHL
1207,1160,197,New York,2018-08-27T00:00:00,Delivered,DHL
1208,1160,197,New York,2018-08-24T00:00:00,In Transit,USPS
1209,1161,232,New York,2021-06-11T00:00:00,In Transit,UPS
1210,1162,101,New York,2022-07-08T00:00:00,Cancelled,DHL
1211,1159,137,Chicago,2018-10-25T00:00:00,Pending,UPS
1212,1159,137,Chicago,2018-10-19T00:00:00,Pending,FedEx
1213,1163,60,New York,2022-07-11T00:00:00,Pending,UPS
1214,1163,60,New York,2022-07-12T00:00:00,Delivered,FedEx
1215,1167,74,Miami,2022-02-15T00:00:00,Cancelled,USPS
1216,1164,31,New York,2022-10-17T00:00:00,Cancelled,DHL
1217,1157,47,Los Angeles,2020-05-24T00:00:00,In Transit,FedEx
1218,1157,47,Los Angeles,2020-05-29T00:00:00,Cancelled,USPS
1219,1168,136,Miami,2022-05-14T00:00:00,Pending,USPS
1220,1165,106,New York,2020-05-22T00:00:00,In Transit,DHL
1221,1165,106,New York,2020-05-21T00:00:00,Delivered,FedEx
1222,1166,26,New York,2022-08-12T00:00:00,In Transit,USPS
1223,1169,257,Miami,2023-04-27T00:00:00,Cancelled,DHL
1224,1169,257,Miami,2023-05-02T00:00:00,Pending,USPS
1225,1158,34,Los Angeles,2020-11-19T00:00:00,Pending,DHL
1226,1158,34,Los Angeles,2020-11-09T00:00:00,In Transit,UPS
1227,1154,227,Houston,2019-06-13T00:00:00,In Transit,UPS
1228,1160,181,Chicago,2020-08-25T00:00:00,Delivered,USPS
1229,1160,181,Chicago,2020-08-22T00:00:00,Delivered,FedEx
1230,1170,117,Miami,2018-04-11T00:00:00,Pending,FedEx
1231,1159,55,Los Angeles,2020-06-11T00:00:00,Cancelled,DHL
1232,1159,55,Los Angeles,2020-06-13T00:00:00,In Transit,UPS
1233,1161,37,Chicago,2020-09-03T00:00:00,Cancelled,UPS
1234,1167,244,New York,2020-03-08T00:00:00,Pending,UPS
1235,1167,244,New York,2020-02-29T00:00:00,Delivered,FedEx
1236,1155,175,Houston,2023-01-31T00:00:00,In Transit,USPS
1237,1162,279,Chicago,2019-12-03T00:00:00,Delivered,FedEx
1238,1162,279,Chicago,2019-12-03T00:00:00,Cancelled,FedEx
1239,1168,225,New York,2022-01-06T00:00:00,Cancelled,FedEx
1240,1163,4,Chicago,2018-07-26T00:00:00,In Transit,USPS
1241,1171,32,Miami,2021-01-20T00:00:00,Pending,UPS
1242,1169,185,New York,2023-03-05T00:00:00,Cancelled,USPS
1243,1169,185,New York,2023-02-28T00:00:00,Delivered,USPS
1244,1160,24,Los Angeles,2020-09-16T00:00:00,Cancelled,FedEx
1245,1156,15,Houston,2020-01-16T00:00:00,Delivered,FedEx
1246,1161,242,Los Angeles,2022-08-28T00:00:00,In Transit,UPS
1247,1161,242,Los Angeles,2022-08-27T00:00:00,In Transit,FedEx
1248,1170,166,New York,2022-09-16T00:00:00,Cancelled,USPS
1249,1170,166,New York,2022-09-25T00:00:00,Cancelled,FedEx
1250,1164,190,Chicago,2019-09-01T00:00:00,Pending,UPS
1251,1162,131,Los Angeles,2022-06-10T00:00:00,Pending,USPS
1252,1163,31,Los Angeles,2023-09-13T00:00:00,Pending,DHL
1253,1163,31,Los Angeles,2023-09-08T00:00:00,In Transit,DHL
1254,1164,10,Los Angeles,2022-08-21T00:00:00,Pending,FedEx
1255,1165,235,Los Angeles,2019-11-13T00:00:00,Pending,UPS
1256,1172,245,Miami,2023-04-25T00:00:00,Pending,FedEx
1257,1173,22,Miami,2022-05-16T00:00:00,Pending,USPS
1258,1166,32,Los Angeles,2020-04-19T00:00:00,In Transit,FedEx
1259,1171,40,New York,2019-02-11T00:00:00,Pending,UPS
1260,1174,262,Miami,2022-06-21T00:00:00,Delivered,USPS
1261,1172,23,New York,2018-10-06T00:00:00,Pending,UPS
1262,1172,23,New York,2018-10-12T00:00:00,In Transit,UPS
1263,1175,211,Miami,2021-10-30T00:00:00,In Transit,USPS
1264,1165,220,Chicago,2021-02-15T00:00:00,Cancelled,DHL
1265,1173,285,New York,2022-04-10T00:00:00,In Transit,DHL
1266,1173,285,New York,2022-04-14T00:00:00,Cancelled,UPS
1267,1176,167,Miami,2022-04-03T00:00:00,Cancelled,UPS
1268,1174,235,New York,2018-06-11T00:00:00,Cancelled,UPS
1269,1177,102,Miami,2022-07-11T00:00:00,In Transit,DHL
1270,1177,102,Miami,2022-07-18T00:00:00,Pending,USPS
1271,1167,184,Los Angeles,2018-05-07T00:00:00,Pending,DHL
1272,1167,184,Los Angeles,2018-05-14T00:00:00,Cancelled,DHL
1273,1166,271,Chicago,2022-12-13T00:00:00,Pending,UPS
1274,1166,271,Chicago,2022-12-11T00:00:00,In Transit,UPS
1275,1178,239,Miami,2023-04-28T00:00:00,In Transit,USPS
1276,1167,197,Chicago,2020-07-08T00:00:00,Cancelled,USPS
1277,1168,84,Los Angeles,2018-04-19T00:00:00,Delivered,DHL
1278,1168,84,Los Angeles,2018-04-06T00:00:00,Delivered,FedEx
1279,1157,222,Houston,2023-09-07T00:00:00,In Transit,UPS
1280,1179,117,Miami,2020-11-02T00:00:00,Delivered,FedEx
1281,1179,117,Miami,2020-11-04T00:00:00,Cancelled,UPS
1282,1175,27,New York,2021-05-21T00:00:00,Pending,USPS
1283,1158,65,Houston,2020-11-29T00:00:00,Cancelled,DHL
1284,1158,65,Houston,2020-11-17T00:00:00,Delivered,USPS
1285,1159,212,Houston,2022-12-16T00:00:00,In Transit,UPS
1286,1159,212,Houston,2022-12-06T00:00:00,In Transit,DHL
1287,1169,162,Los Angeles,2021-01-09T00:00:00,Pending,USPS
1288,1169,162,Los Angeles,2021-01-09T00:00:00,Delivered,FedEx
1289,1180,145,Miami,2018-08-17T00:00:00,Delivered,DHL
1290,1180,145,Miami,2018-08-18T00:00:00,In Transit,USPS
1291,1160,262,Houston,2022-10-04T00:00:00,In Transit,UPS
1292,1160,262,Houston,2022-10-08T00:00:00,In Transit,FedEx
1293,1168,161,Chicago,2022-07-29T00:00:00,Cancelled,UPS
1294,1168,161,Chicago,2022-07-26T00:00:00,Delivered,FedEx
1295,1170,222,Los Angeles,2023-06-08T00:00:00,Pending,DHL
1296,1170,222,Los Angeles,2023-06-12T00:00:00,Pending,FedEx
1297,1169,217,Chicago,2018-01-08T00:00:00,Pending,FedEx
1298,1170,68,Chicago,2018-06-15T00:00:00,Cancelled,FedEx
1299,1161,173,Houston,2023-11-14T00:00:00,In Transit,UPS
1300,1171,160,Chicago,2022-06-29T00:00:00,In Transit,FedEx
1301,1171,160,Chicago,2022-07-01T00:00:00,In Transit,UPS
1302,1176,19,New York,2019-01-17T00:00:00,Delivered,DHL
1303,1181,93,Miami,2019-08-09T00:00:00,Delivered,UPS
1304,1181,93,Miami,2019-08-16T00:00:00,Pending,UPS
1305,1177,43,New York,2021-05-04T00:00:00,Pending,DHL
1306,1182,253,Miami,2020-07-11T00:00:00,In Transit,USPS
1307,1178,103,New York,2020-04-14T00:00:00,In Transit,DHL
1308,1178,103,New York,2020-04-11T00:00:00,In Transit,DHL
1309,1162,137,Houston,2022-12-08T00:00:00,Cancelled,FedEx
1310,1171,83,Los Angeles,2023-11-18T00:00:00,Delivered,UPS
1311,1172,56,Los Angeles,2022-10-04T00:00:00,Pending,UPS
1312,1183,14,Miami,2019-07-20T00:00:00,Delivered,UPS
1313,1163,41,Houston,2020-06-10T00:00:00,In Transit,USPS
1314,1172,38,Chicago,2019-12-04T00:00:00,Delivered,DHL
1315,1173,235,Chicago,2020-03-06T00:00:00,Delivered,FedEx
1316,1173,235,Chicago,2020-03-08T00:00:00,Delivered,UPS
1317,1174,208,Chicago,2023-02-01T00:00:00,In Transit,UPS
1318,1173,215,Los Angeles,2020-01-08T00:00:00,In Transit,UPS
1319,1174,161,Los Angeles,2020-11-27T00:00:00,Delivered,DHL
1320,1174,161,Los Angeles,2020-11-25T00:00:00,In Transit,UPS
1321,1184,162,Miami,2023-02-02T00:00:00,Pending,UPS
1322,1184,162,Miami,2023-02-04T00:00:00,Cancelled,FedEx
1323,1164,19,Houston,2018-01-29T00:00:00,In Transit,USPS
1324,1185,124,Miami,2020-02-27T00:00:00,Pending,USPS
1325,1175,128,Los Angeles,2019-04-03T00:00:00,In Transit,DHL
1326,1175,128,Los Angeles,2019-04-06T00:00:00,In Transit,USPS
1327,1179,253,New York,2018-05-22T00:00:00,Delivered,USPS
1328,1186,129,Miami,2020-04-04T00:00:00,In Transit,FedEx
1329,1186,129,Miami,2020-04-03T00:00:00,Delivered,USPS
1330,1180,78,New York,2021-05-22T00:00:00,Delivered,DHL
1331,1181,25,New York,2023-07-05T00:00:00,Pending,UPS
1332,1181,25,New York,2023-07-08T00:00:00,Pending,USPS
1333,1165,125,Houston,2020-01-12T00:00:00,Pending,FedEx
1334,1176,205,Los Angeles,2020-09-29T00:00:00,Pending,UPS
1335,1166,13,Houston,2020-06-19T00:00:00,In Transit,DHL
1336,1166,13,Houston,2020-06-25T00:00:00,In Transit,UPS
1337,1177,48,Los Angeles,2022-03-19T00:00:00,Pending,DHL
1338,1177,48,Los Angeles,2022-03-30T00:00:00,Pending,FedEx
1339,1167,163,Houston,2020-08-04T00:00:00,Cancelled,UPS
1340,1175,7,Chicago,2023-10-22T00:00:00,Cancelled,DHL
1341,1187,92,Miami,2020-04-07T00:00:00,In Transit,UPS
1342,1188,7,Miami,2021-01-30T00:00:00,Cancelled,DHL
1343,1189,174,Miami,2020-02-17T00:00:00,Delivered,USPS
1344,1190,263,Miami,2018-05-03T00:00:00,In Transit,FedEx
1345,1191,150,Miami,2019-07-07T00:00:00,In Transit,DHL
1346,1191,150,Miami,2019-07-15T00:00:00,Pending,USPS
1347,1168,295,Houston,2023-10-20T00:00:00,Cancelled,UPS
1348,1168,295,Houston,2023-10-23T00:00:00,Delivered,DHL
1349,1192,101,Miami,2019-10-31T00:00:00,Delivered,USPS
1350,1176,273,Chicago,2019-10-19T00:00:00,Delivered,USPS
1351,1177,117,Chicago,2022-02-22T00:00:00,Delivered,FedEx
1352,1177,117,Chicago,2022-03-01T00:00:00,In Transit,DHL
1353,1193,205,Miami,2023-01-30T00:00:00,Pending,USPS
1354,1169,207,Houston,2023-11-29T00:00:00,Cancelled,USPS
1355,1194,286,Miami,2023-03-23T00:00:00,Pending,UPS
1356,1194,286,Miami,2023-03-20T00:00:00,In Transit,DHL
1357,1195,40,Miami,2021-11-15T00:00:00,Cancelled,DHL
1358,1182,49,New York,2021-09-15T00:00:00,Cancelled,UPS
1359,1182,49,New York,2021-09-09T00:00:00,Delivered,DHL
1360,1183,82,New York,2022-06-01T00:00:00,Cancelled,FedEx
1361,1184,45,New York,2021-10-05T00:00:00,Pending,UPS
1362,1184,45,New York,2021-10-14T00:00:00,Cancelled,DHL
1363,1185,99,New York,2022-01-31T00:00:00,Cancelled,DHL
1364,1178,273,Los Angeles,2019-10-02T00:00:00,In Transit,FedEx
1365,1178,273,Los Angeles,2019-10-08T00:00:00,Pending,UPS
1366,1179,161,Los Angeles,2019-10-17T00:00:00,In Transit,UPS
1367,1186,267,New York,2021-01-29T00:00:00,Pending,UPS
1368,1180,159,Los Angeles,2020-06-28T00:00:00,In Transit,DHL
1369,1180,159,Los Angeles,2020-07-02T00:00:00,Cancelled,FedEx
1370,1178,186,Chicago,2019-11-02T00:00:00,Pending,USPS
1371,1178,186,Chicago,2019-11-04T00:00:00,Delivered,DHL
1372,1181,259,Los Angeles,2020-09-09T00:00:00,Pending,UPS
1373,1170,6,Houston,2021-06-27T00:00:00,Pending,USPS
1374,1182,17,Los Angeles,2020-08-01T00:00:00,In Transit,FedEx
1375,1182,17,Los Angeles,2020-07-30T00:00:00,In Transit,DHL
1376,1183,37,Los Angeles,2019-10-30T00:00:00,In Transit,USPS
1377,1187,88,New York,2019-01-10T00:00:00,Delivered,USPS
1378,1187,88,New York,2019-01-14T00:00:00,Cancelled,FedEx
1379,1179,209,Chicago,2019-06-23T00:00:00,Cancelled,DHL
1380,1179,209,Chicago,2019-06-24T00:00:00,In Transit,UPS
1381,1196,127,Miami,2018-10-01T00:00:00,In Transit,USPS
1382,1196,127,Miami,2018-09-24T00:00:00,Cancelled,FedEx
1383,1184,112,Los Angeles,2023-10-21T00:00:00,Delivered,USPS
1384,1197,204,Miami,2018-12-21T00:00:00,Delivered,UPS
1385,1197,204,Miami,2018-12-18T00:00:00,In Transit,DHL
1386,1180,5,Chicago,2018-10-24T00:00:00,Pending,USPS
1387,1180,5,Chicago,2018-11-02T00:00:00,Delivered,USPS
1388,1181,168,Chicago,2018-11-07T00:00:00,Cancelled,FedEx
1389,1181,168,Chicago,2018-11-04T00:00:00,Pending,USPS
1390,1171,73,Houston,2022-08-15T00:00:00,In Transit,UPS
1391,1171,73,Houston,2022-08-17T00:00:00,Pending,FedEx
1392,1182,21,Chicago,2018-03-04T00:00:00,Pending,FedEx
1393,1188,165,New York,2018-07-30T00:00:00,Delivered,UPS
1394,1188,165,New York,2018-08-04T00:00:00,Pending,USPS
1395,1185,114,Los Angeles,2022-06-15T00:00:00,In Transit,UPS
1396,1198,281,Miami,2019-07-06T00:00:00,Delivered,DHL
1397,1198,281,Miami,2019-07-04T00:00:00,Pending,FedEx
1398,1172,146,Houston,2023-03-21T00:00:00,Pending,USPS
1399,1183,166,Chicago,2023-12-29T00:00:00,Pending,FedEx
1400,1183,166,Chicago,2023-12-28T00:00:00,Delivered,FedEx
1401,1186,200,Los Angeles,2019-02-04T00:00:00,Delivered,UPS
1402,1186,200,Los Angeles,2019-02-15T00:00:00,Delivered,FedEx
1403,1199,12,Miami,2020-11-16T00:00:00,Delivered,DHL
1404,1199,12,Miami,2020-11-11T00:00:00,Delivered,DHL
1405,1173,81,Houston,2018-09-25T00:00:00,In Transit,FedEx
1406,1173,81,Houston,2018-09-26T00:00:00,Pending,USPS
1407,1189,227,New York,2023-06-17T00:00:00,Cancelled,DHL
1408,1187,7,Los Angeles,2020-06-02T00:00:00,Pending,UPS
1409,1174,224,Houston,2021-12-31T00:00:00,Pending,UPS
1410,1188,259,Los Angeles,2023-06-17T00:00:00,Pending,FedEx
1411,1188,259,Los Angeles,2023-06-23T00:00:00,Pending,UPS
1412,1190,161,New York,2020-01-13T00:00:00,Pending,FedEx
1413,1190,161,New York,2020-01-14T00:00:00,Pending,UPS
1414,1191,36,New York,2018-02-23T00:00:00,Cancelled,USPS
1415,1192,270,New York,2018-07-03T00:00:00,Cancelled,DHL
1416,1192,270,New York,2018-06-23T00:00:00,In Transit,FedEx
1417,1193,7,New York,2021-02-18T00:00:00,Pending,FedEx
1418,1193,7,New York,2021-02-23T00:00:00,In Transit,DHL
1419,1175,213,Houston,2021-01-05T00:00:00,Delivered,DHL
1420,1184,113,Chicago,2020-01-02T00:00:00,Cancelled,UPS
1421,1184,113,Chicago,2020-01-04T00:00:00,Cancelled,USPS
1422,1185,177,Chicago,2020-05-03T00:00:00,Delivered,FedEx
1423,1185,177,Chicago,2020-05-01T00:00:00,Delivered,DHL
1424,1194,293,New York,2019-03-14T00:00:00,Pending,FedEx
1425,1200,149,Miami,2018-05-04T00:00:00,Delivered,USPS
1426,1186,229,Chicago,2022-12-21T00:00:00,Delivered,FedEx
1427,1186,229,Chicago,2022-12-24T00:00:00,Cancelled,DHL
1428,1201,208,Miami,2020-12-25T00:00:00,Delivered,USPS
1429,1201,208,Miami,2020-12-15T00:00:00,Delivered,UPS
1430,1195,28,New York,2020-11-11T00:00:00,Cancelled,USPS
1431,1196,297,New York,2020-08-13T00:00:00,Cancelled,UPS
1432,1196,297,New York,2020-08-18T00:00:00,In Transit,FedEx
1433,1176,130,Houston,2022-02-05T00:00:00,Delivered,DHL
1434,1187,180,Chicago,2019-10-07T00:00:00,Pending,UPS
1435,1187,180,Chicago,2019-10-01T00:00:00,Delivered,UPS
1436,1189,15,Los Angeles,2022-07-12T00:00:00,Delivered,USPS
1437,1189,15,Los Angeles,2022-07-01T00:00:00,Cancelled,USPS
1438,1188,207,Chicago,2019-08-27T00:00:00,Pending,FedEx
1439,1188,207,Chicago,2019-08-28T00:00:00,Pending,DHL
1440,1189,63,Chicago,2018-05-30T00:00:00,In Transit,USPS
1441,1190,234,Chicago,2020-09-17T00:00:00,Pending,DHL
1442,1190,234,Chicago,2020-09-22T00:00:00,Cancelled,DHL
1443,1177,192,Houston,2020-05-14T00:00:00,Cancelled,USPS
1444,1191,196,Chicago,2018-05-11T00:00:00,Cancelled,DHL
1445,1197,175,New York,2023-04-28T00:00:00,Pending,USPS
1446,1197,175,New York,2023-05-07T00:00:00,Pending,DHL
1447,1192,260,Chicago,2021-07-20T00:00:00,Pending,DHL
1448,1192,260,Chicago,2021-07-20T00:00:00,Cancelled,UPS
1449,1193,271,Chicago,2022-08-29T00:00:00,Cancelled,UPS
1450,1198,51,New York,2018-09-02T00:00:00,Pending,USPS
1451,1178,30,Houston,2021-05-31T00:00:00,In Transit,UPS
1452,1178,30,Houston,2021-06-05T00:00:00,Cancelled,USPS
1453,1202,255,Miami,2019-03-13T00:00:00,Delivered,DHL
1454,1194,250,Chicago,2023-05-16T00:00:00,Pending,USPS
1455,1199,112,New York,2023-01-14T00:00:00,Pending,DHL
1456,1199,112,New York,2023-01-01T00:00:00,Delivered,USPS
1457,1179,174,Houston,2019-07-10T00:00:00,In Transit,DHL
1458,1179,174,Houston,2019-07-17T00:00:00,Pending,USPS
1459,1195,169,Chicago,2023-04-09T00:00:00,Cancelled,DHL
1460,1195,169,Chicago,2023-03-27T00:00:00,Pending,USPS
1461,1203,34,Miami,2023-06-09T00:00:00,Delivered,FedEx
1462,1196,250,Chicago,2022-01-08T00:00:00,Cancelled,USPS
1463,1200,250,New York,2018-05-31T00:00:00,Cancelled,FedEx
1464,1200,250,New York,2018-06-02T00:00:00,Cancelled,UPS
1465,1204,234,Miami,2018-12-19T00:00:00,Pending,USPS
1466,1205,169,Miami,2018-06-24T00:00:00,In Transit,DHL
1467,1205,169,Miami,2018-06-15T00:00:00,Delivered,UPS
1468,1206,171,Miami,2020-11-11T00:00:00,In Transit,UPS
1469,1180,58,Houston,2023-08-12T00:00:00,Cancelled,FedEx
1470,1201,245,New York,2022-07-19T00:00:00,Pending,UPS
1471,1197,163,Chicago,2021-12-15T00:00:00,Delivered,USPS
1472,1202,30,New York,2020-05-13T00:00:00,Pending,UPS
1473,1202,30,New York,2020-05-10T00:00:00,Delivered,UPS
1474,1190,286,Los Angeles,2019-06-18T00:00:00,Cancelled,UPS
1475,1190,286,Los Angeles,2019-06-22T00:00:00,Delivered,USPS
1476,1191,74,Los Angeles,2020-03-21T00:00:00,In Transit,USPS
1477,1191,74,Los Angeles,2020-03-24T00:00:00,Delivered,UPS
1478,1192,192,Los Angeles,2022-04-21T00:00:00,Pending,USPS
1479,1192,192,Los Angeles,2022-04-22T00:00:00,Pending,USPS
1480,1193,28,Los Angeles,2022-02-27T00:00:00,In Transit,DHL
1481,1203,61,New York,2023-04-28T00:00:00,Delivered,DHL
1482,1203,61,New York,2023-04-19T00:00:00,In Transit,FedEx
1483,1207,248,Miami,2021-05-23T00:00:00,In Transit,UPS
1484,1208,154,Miami,2022-06-01T00:00:00,In Transit,FedEx
1485,1204,249,New York,2018-01-26T00:00:00,In Transit,FedEx
1486,1181,142,Houston,2022-01-19T00:00:00,Delivered,DHL
1487,1181,142,Houston,2022-01-20T00:00:00,Pending,DHL
1488,1205,132,New York,2020-12-18T00:00:00,Pending,UPS
1489,1205,132,New York,2020-12-22T00:00:00,Delivered,FedEx
1490,1182,35,Houston,2021-06-23T00:00:00,Delivered,USPS
1491,1206,287,New York,2019-08-28T00:00:00,Cancelled,DHL
1492,1206,287,New York,2019-08-26T00:00:00,Pending,FedEx
1493,1183,10,Houston,2018-08-15T00:00:00,Pending,FedEx
1494,1194,279,Los Angeles,2018-03-24T00:00:00,Cancelled,DHL
1495,1194,279,Los Angeles,2018-03-24T00:00:00,Cancelled,USPS
1496,1198,177,Chicago,2021-08-09T00:00:00,Delivered,UPS
1497,1209,70,Miami,2019-12-05T00:00:00,In Transit,FedEx
1498,1210,211,Miami,2021-07-11T00:00:00,In Transit,FedEx
1499,1210,211,Miami,2021-07-15T00:00:00,Cancelled,DHL
1500,1211,157,Miami,2019-02-28T00:00:00,In Transit,USPS
1501,1212,274,Miami,2021-01-24T00:00:00,Cancelled,FedEx
1502,1195,158,Los Angeles,2021-12-15T00:00:00,Delivered,USPS
1503,1184,72,Houston,2019-12-12T00:00:00,In Transit,UPS
